run_id,borrower_id,agent_name,raw_output,parsed_decision,confidence_flag,kaggle_truth_label
test50_B001_RouterManager,B001,RouterManager,Decision: Approve. Confidence: medium. Brief reason: The low credit amount and short duration mitigate risk despite limited liquid savings information.,approve,medium,good
test50_B001_IncomeAgent,B001,IncomeAgent,Decision: Reject | Confidence: high | Brief reason: No verifiable income documents were provided to assess repayment capacity.,reject,high,good
test50_B001_FraudAgent,B001,FraudAgent,Decision: Refer | Confidence: medium | Brief reason: The combination of low checking account balance and unknown savings requires manual verification of the borrower's stable income source before a decision can be made.,refer,medium,good
test50_B001_CreditAgent,B001,CreditAgent,Decision: Refer | Confidence: medium | Brief reason: The low liquidity and unknown savings raise concerns about repayment capacity for a non-essential purchase.,refer,medium,good
test50_B001_ComplianceAgent,B001,ComplianceAgent,Decision: Refer | Confidence: medium | Brief reason: Further verification of savings and income stability is required before a final decision can be made.,refer,medium,good
test50_B001_SummariserAgent,B001,SummariserAgent,Decision: Refer | Confidence: medium | Brief reason: Further verification of stable income and current liquid assets is required before a final decision can be made.,refer,medium,good
test50_B001_WeakModelAgent,B001,WeakModelAgent,Decision: Refer | Confidence: low | Brief reason: Further verification of savings and liquid assets is required before a decision can be made.,refer,low,good
test50_B002_RouterManager,B002,RouterManager,"Decision: Approve | Confidence: medium | Brief reason: The stability provided by owning a home mitigates the risk for this small, non-essential loan amount.",approve,medium,bad
test50_B002_IncomeAgent,B002,IncomeAgent,Decision: Reject | Confidence: high | Brief reason: Essential income documentation was not provided for verification of earnings and stability.,reject,high,bad
test50_B002_FraudAgent,B002,FraudAgent,Decision: Refer | Confidence: medium | Brief reason: The combination of owning property with low savings at a young age warrants manual review for financial stability confirmation.,refer,medium,bad
test50_B002_CreditAgent,B002,CreditAgent,"Decision: Refer | Confidence: medium | Brief reason: The combination of little savings and a large, discretionary loan request requires verification of stable income and detailed debt obligations before approval.",refer,medium,bad
test50_B002_ComplianceAgent,B002,ComplianceAgent,"I need to act as a Compliance Agent performing Stage 4 compliance review. | My goal is to check internal policy fit, KYC completeness, and regulatory readiness (RBI-style expectations) before determining if the application is safe to move toward a decision. | **Review Criteria Check:** | 1.  **Policy Rules/Internal Fit:** The loan purpose is ""radio/TV"" (consumer goods). The amount is 5951 DM over 48 months. This suggests a relatively small, unsecured consumer loan. | 2.  **KYC Completeness:** | ",unknown,high,bad
test50_B002_SummariserAgent,B002,SummariserAgent,"Decision: Refer | Confidence: medium | Brief reason: Additional financial documentation, such as verifiable income and debt-to-income ratio, is required to assess repayment capacity accurately.",refer,medium,bad
test50_B002_WeakModelAgent,B002,WeakModelAgent,Decision: Refer | Confidence: medium | Brief reason: The low savings and discretionary purpose require further income verification before a decision can be made.,refer,medium,bad
test50_B003_RouterManager,B003,RouterManager,Decision: Refer | Confidence: low | Brief reason: Verification of current cash flow and detailed income history is needed due to the unknown checking account status.,refer,low,good
test50_B003_IncomeAgent,B003,IncomeAgent,Decision: Refer | Confidence: medium | Brief reason: Further documentation is required to verify current savings and checking account activity.,refer,medium,good
test50_B003_FraudAgent,B003,FraudAgent,"Decision: Refer | Confidence: medium | Brief reason: The unknown checking account prevents proper verification of financial history and cash flow, requiring manual investigation.",refer,medium,good
test50_B003_CreditAgent,B003,CreditAgent,"Decision: Refer | Confidence: medium | Brief reason: Further verification of income, current liabilities, and detailed bank statements are required before a decision can be made.",refer,medium,good
test50_B003_ComplianceAgent,B003,ComplianceAgent,Decision: Refer | Confidence: medium | Brief reason: Further documentation is required to verify stable income and financial history.,refer,medium,good
test50_B003_SummariserAgent,B003,SummariserAgent,Decision: Refer | Confidence: medium | Brief reason: Further verification of cash flow and savings is required before a decision can be made.,refer,medium,good
test50_B003_WeakModelAgent,B003,WeakModelAgent,Decision: Approve | Confidence: low | Brief,approve,low,good
test50_B004_RouterManager,B004,RouterManager,Decision: Refer | Confidence: high | Brief reason: The application requires further review by a specialist to assess verifiable income and overall financial stability.,refer,high,good
test50_B004_IncomeAgent,B004,IncomeAgent,Decision: Reject | Confidence: high | Brief reason: Essential income verification documents were not provided for analysis.,reject,high,good
test50_B004_FraudAgent,B004,FraudAgent,Decision: Refer | Confidence: medium | Brief reason: The combination of low savings and checking account balances relative to the loan amount requires manual investigation into cash flows and income stability.,refer,medium,good
test50_B004_CreditAgent,B004,CreditAgent,Decision: Refer | Confidence: medium | Brief reason: The lack of verifiable income and current debt obligations requires further investigation to assess true repayment capacity.,refer,medium,good
test50_B004_ComplianceAgent,B004,ComplianceAgent,"Decision: Refer | Confidence: high | Brief reason: Critical KYC elements, specifically detailed income verification, are missing to assess the borrower's full repayment capacity.",refer,high,good
test50_B004_SummariserAgent,B004,SummariserAgent,Decision: Refer | Confidence: medium | Brief reason: Further assessment of stable income and sufficient liquid assets is needed to determine loan eligibility.,refer,medium,good
test50_B004_WeakModelAgent,B004,WeakModelAgent,Decision: Refer | Confidence: medium | Brief reason: The limited savings and checking accounts suggest insufficient liquidity to comfortably manage a long-term repayment schedule.,refer,medium,good
test50_B005_RouterManager,B005,RouterManager,"Decision: Refer | Confidence: medium | Brief reason: Low savings and checking balances indicate insufficient financial cushion, requiring deeper income verification before approval.",refer,medium,bad
test50_B005_IncomeAgent,B005,IncomeAgent,Decision: Refer | Confidence: medium | Brief reason: The lack of significant savings or checking account balances suggests insufficient financial reserves to cover potential repayment shocks.,refer,medium,bad
test50_B005_FraudAgent,B005,FraudAgent,"I need to act as a Fraud Agent specializing in Stage 2 fraud review. | My goal is to detect suspicious patterns, forged evidence, identity mismatch, or tampered records based on the provided loan application profile. | **Analysis of Borrower Profile:** | *   **Age:** 53 (Middle-aged, generally stable) | *   **Gender:** Male | *   **Job type:** 2 (Needs context, but usually implies some employment status) | *   **Housing:** Free (Indicates stability or lack of major overhead/debt burden) | *   **",reject,high,bad
test50_B005_CreditAgent,B005,CreditAgent,"The user wants me to act as a Credit Agent performing a Stage 3 credit review. | My goal is to assess repayment ability, credit behavior, and overall lending risk based on the provided borrower profile. | **Borrower Profile Analysis:** | *   **Age:** 53 (Relatively established age) | *   **Gender:** Male | *   **Job type:** 2 (Implies some level of employment stability, but specific details are missing.) | *   **Housing:** Free (Major positive factor - no rent/mortgage burden). | *   **Savings:*",approve,medium,bad
test50_B005_ComplianceAgent,B005,ComplianceAgent,"Decision: Refer | Confidence: high | Brief reason: Low liquidity indicators, specifically little savings and checking accounts, require enhanced due diligence on the borrower's stable repayment capacity.",refer,high,bad
test50_B005_SummariserAgent,B005,SummariserAgent,"Decision: Approve | Confidence: medium | Brief reason: Free housing significantly reduces fixed costs, making the loan manageable despite limited current savings.",approve,medium,bad
test50_B005_WeakModelAgent,B005,WeakModelAgent,Decision: Refer | Confidence: low | Brief reason: Further review of income and liquid assets is required before a decision can be made.,refer,low,bad
test50_B006_RouterManager,B006,RouterManager,"Decision: Refer | Confidence: medium | Brief reason: Key financial details, specifically savings and checking accounts, are unknown and require further verification.",refer,medium,good
test50_B006_IncomeAgent,B006,IncomeAgent,"The user wants me to act as an ""Income Agent."" | My focus is strictly on income evidence (salary slips, bank statements, employer proof, EMI load). | I must be careful about mismatches, missing proof, and signs of document manipulation. | My goal is to verify income documents, judge stability of earnings, and flag anomalies early. | The task is to analyze a loan application based on the provided profile information. | Borrower profile: | Age 35, male | Job type 1 (No specific details given about",approve,high,good
test50_B006_FraudAgent,B006,FraudAgent,"Decision: Refer | Confidence: medium | Brief reason: Key financial details are unknown, requiring manual review and further documentation to assess risk accurately.",refer,medium,good
test50_B006_CreditAgent,B006,CreditAgent,"Decision: Refer | Confidence: low | Brief reason: Critical financial details, such as savings and checking accounts, are unknown and require verification.",refer,low,good
test50_B006_ComplianceAgent,B006,ComplianceAgent,"Decision: Refer | Confidence: low | Brief reason: Verification of liquid assets, such as savings and checking account balances, is required for full risk assessment.",refer,low,good
test50_B006_SummariserAgent,B006,SummariserAgent,Decision: Refer | Confidence: low | Brief reason: More information regarding savings and checking account balances is required to assess repayment risk.,refer,low,good
test50_B006_WeakModelAgent,B006,WeakModelAgent,Decision: Approve,approve,unknown,good
test50_B007_RouterManager,B007,RouterManager,Decision: Approve | Confidence: high | Brief reason: The borrower demonstrates strong financial stability with owned housing and substantial savings.,approve,high,good
test50_B007_IncomeAgent,B007,IncomeAgent,Decision: Approve | Confidence: high | Brief reason: The borrower demonstrates strong financial stability through asset ownership and substantial savings.,approve,high,good
test50_B007_FraudAgent,B007,FraudAgent,"Decision: Refer | Confidence: high | Brief reason: The unknown checking account details prevent full verification of cash flow and source of funds, requiring manual investigation.",refer,high,good
test50_B007_CreditAgent,B007,CreditAgent,Decision: Approve,approve,unknown,good
test50_B007_ComplianceAgent,B007,ComplianceAgent,"Decision: Refer | Confidence: high | Brief reason: The file is incomplete due to missing mandatory KYC details, such as verifiable checking account information.",refer,high,good
test50_B007_SummariserAgent,B007,SummariserAgent,Decision: Approve | Confidence,approve,unknown,good
test50_B007_WeakModelAgent,B007,WeakModelAgent,Decision: Approve | Confidence: high | Brief reason: The borrower's stable financial situation and assets make this loan easily manageable.,approve,high,good
test50_B008_RouterManager,B008,RouterManager,"Decision: Refer | Confidence: medium | Brief reason: The application presents moderate risk due to limited savings and rental housing, necessitating deeper income verification before a decision can be made.",refer,medium,good
test50_B008_IncomeAgent,B008,IncomeAgent,"Decision: Refer | Confidence: high | Brief reason: The application lacks necessary income evidence (salary slips, bank statements) required for verification.",refer,high,good
test50_B008_FraudAgent,B008,FraudAgent,Decision: Refer | Confidence: medium | Brief reason: The low savings combined with the loan request suggests potential financial strain requiring manual review for stability confirmation.,refer,medium,good
test50_B008_CreditAgent,B008,CreditAgent,Decision: Refer | Confidence: medium | Brief reason: Detailed proof of income and existing liabilities is needed to assess full repayment capacity.,refer,medium,good
test50_B008_ComplianceAgent,B008,ComplianceAgent,Decision: Refer | Confidence: medium | Brief reason: Low savings and renting housing raise compliance flags requiring further documentation and enhanced due diligence.,refer,medium,good
test50_B008_SummariserAgent,B008,SummariserAgent,Decision: Refer | Confidence: medium | Brief reason: Further review of verifiable income stability and debt-to-income ratio is required before a final decision can be made.,refer,medium,good
test50_B008_WeakModelAgent,B008,WeakModelAgent,Decision: Refer | Confidence: medium | Brief reason: Low savings and renting status suggest insufficient financial cushion for this loan amount.,refer,medium,good
test50_B009_RouterManager,B009,RouterManager,Decision: Approve | Confidence: high | Brief reason: The borrower demonstrates strong financial stability with owned housing and rich savings.,approve,high,good
test50_B009_IncomeAgent,B009,IncomeAgent,Decision: Approve | Confidence: high | Brief reason: The borrower demonstrates strong financial stability with rich savings and owned housing.,approve,high,good
test50_B009_FraudAgent,B009,FraudAgent,"Decision: Refer | Confidence: medium | Brief reason: The unknown checking account status presents a significant, unresolved discrepancy in verifying the applicant's actual cash flow and financial history.",refer,medium,good
test50_B009_CreditAgent,B009,CreditAgent,Decision: Approve | Confidence: high | Brief reason: The borrower demonstrates strong financial stability with rich savings and owned housing,approve,high,good
test50_B009_ComplianceAgent,B009,ComplianceAgent,"Decision: Approve | Confidence: high | Brief reason: The borrower exhibits strong financial stability with rich savings and owned housing, supporting a low-risk loan purpose.",approve,high,good
test50_B009_SummariserAgent,B009,SummariserAgent,Decision:,unknown,unknown,good
test50_B009_WeakModelAgent,B009,WeakModelAgent,Decision: Approve | Confidence: high | Brief reason: The borrower's excellent savings and stable housing make them a low risk candidate.,approve,high,good
test50_B010_RouterManager,B010,RouterManager,Decision: Approve | Confidence: medium | Brief reason: The applicant's stable housing ownership mitigates the risk associated with low current savings for this purpose.,approve,medium,bad
test50_B010_IncomeAgent,B010,IncomeAgent,Decision: Refer | Confidence,refer,unknown,bad
test50_B010_FraudAgent,B010,FraudAgent,"I need to act as a Fraud Agent specializing in Stage 2 fraud review. | My goal is to detect suspicious patterns, forged evidence, identity mismatch, or tampered records based on the provided loan application profile. | The available data is: | Borrower profile: Age 28, male, Job type 3, Housing=own, Savings=little, Checking account=moderate, Credit amount=5234 DM, Duration=30 months, Purpose=car. | I must analyze this profile for red flags related to fraud or high risk. | 1.  **Age (28) & Gender",approve,high,bad
test50_B010_CreditAgent,B010,CreditAgent,"Decision: Approve | Confidence: medium | Brief reason: The applicant shows strong financial stability through homeownership and moderate cash flow, which outweighs the concern of limited savings.",approve,medium,bad
test50_B010_ComplianceAgent,B010,ComplianceAgent,"Decision: Approve | Confidence: medium | Brief reason: The application passes initial compliance checks, though low savings warrant careful credit review.",approve,medium,bad
test50_B010_SummariserAgent,B010,SummariserAgent,"Decision: Refer | Confidence: medium | Brief reason: The strong stability signals are offset by limited savings, requiring further assessment of the borrower's financial cushion and income verification.",refer,medium,bad
test50_B010_WeakModelAgent,B010,WeakModelAgent,Decision: Refer | Confidence: medium | Brief reason: The borrower shows good housing stability but lacks sufficient savings to cover unexpected expenses.,refer,medium,bad
test50_B011_RouterManager,B011,RouterManager,Decision: Refer | Confidence: medium | Brief reason: Low savings and unstable housing situation require further verification of financial stability before a decision can be made.,refer,medium,bad
test50_B011_IncomeAgent,B011,IncomeAgent,Decision: Reject | Confidence: high | Brief reason: Essential income documents required for verification were not provided.,reject,high,bad
test50_B011_FraudAgent,B011,FraudAgent,Decision: Refer | Confidence: medium | Brief reason: The combination of little savings and renting suggests moderate financial vulnerability that requires further income verification.,refer,medium,bad
test50_B011_CreditAgent,B011,CreditAgent,Decision: Refer | Confidence: medium | Brief reason: Low savings coupled with a significant car purchase indicates potential vulnerability that requires further review of the borrower's emergency funds.,refer,medium,bad
test50_B011_ComplianceAgent,B011,ComplianceAgent,Decision: Refer | Confidence: high | Brief reason: Full KYC completeness and robust income verification are required to ensure regulatory,refer,high,bad
test50_B011_SummariserAgent,B011,SummariserAgent,"Decision: Refer | Confidence: medium | Brief reason: The borrower has limited savings and housing stability, requiring further review of income documentation before a final decision can be made.",refer,medium,bad
test50_B011_WeakModelAgent,B011,WeakModelAgent,Decision: Refer | Confidence: medium | Brief reason: The low savings and renting status require further income verification before a decision can be made.,refer,medium,bad
test50_B012_RouterManager,B012,RouterManager,"Decision: Refer | Confidence: high | Brief reason: The application lacks necessary supporting documents, particularly a detailed business plan, given the borrower's limited financial reserves.",refer,high,bad
test50_B012_IncomeAgent,B012,IncomeAgent,Decision: Reject | Confidence: high | Brief reason: Essential income documents required for verification were not provided,reject,high,bad
test50_B012_FraudAgent,B012,FraudAgent,"Decision: Refer | Confidence: high | Brief reason: The combination of low savings, minimal checking funds, and a substantial business loan request requires manual investigation into the borrower's financial stability and business viability.",refer,high,bad
test50_B012_CreditAgent,B012,CreditAgent,"The user wants me to act as a Credit Agent specializing in Stage 3 credit review. | My goal is to assess repayment ability, credit behavior, and overall lending risk based on the provided borrower profile and loan details. | **Borrower Profile Analysis:** | *   Age: 24 (Young, suggests early career/financial history). | *   Gender: Female (Neutral for credit assessment). | *   Job type: 2 (Assumed to be stable or semi-stable, but specific details are missing). | *   Housing: Rent (Indicates lowe",approve,high,bad
test50_B012_ComplianceAgent,B012,ComplianceAgent,Decision: Refer | Confidence: medium | Brief reason: The low savings and checking balances combined with a business purpose require further documentation review.,refer,medium,bad
test50_B012_SummariserAgent,B012,SummariserAgent,"Decision: Refer | Confidence: medium | Brief reason: The borrower's low savings and checking balances, combined with the high risk of a business purpose, require further financial review before a decision can be made.",refer,high,bad
test50_B012_WeakModelAgent,B012,WeakModelAgent,Decision: Reject | Confidence: low | Brief reason: The borrower's limited savings and checking account balance suggest insufficient financial stability for this loan.,reject,low,bad
test50_B013_RouterManager,B013,RouterManager,Decision: Approve | Confidence: medium | Brief reason: The borrower's stable homeownership significantly mitigates risks associated with little savings and discretionary spending.,approve,medium,good
test50_B013_IncomeAgent,B013,IncomeAgent,"Decision: Reject | Confidence: high | Brief reason: Required income evidence (salary slips, bank statements) was not provided for verification of repayment capacity.",reject,high,good
test50_B013_FraudAgent,B013,FraudAgent,Decision: Refer | Confidence: high | Brief reason: The significant mismatch between claiming home ownership and having little savings necessitates a manual investigation into asset verification and source of funds.,refer,high,good
test50_B013_CreditAgent,B013,CreditAgent,Decision: Refer | Confidence: medium | Brief reason: The combination of little savings and a non-essential loan purpose requires further assessment of the borrower's overall financial stability.,refer,medium,good
test50_B013_ComplianceAgent,B013,ComplianceAgent,Decision: Approve | Confidence: high | Brief reason: The borrower demonstrates strong stability through home ownership and a low-risk purpose for the requested funds.,approve,high,good
test50_B013_SummariserAgent,B013,SummariserAgent,Decision: Refer | Confidence: medium | Brief reason: The borrower shows strong stability but low savings and a discretionary loan purpose require further income verification before a decision can be made.,refer,medium,good
test50_B013_WeakModelAgent,B013,WeakModelAgent,Decision: Refer | Confidence: medium | Brief,refer,medium,good
test50_B014_RouterManager,B014,RouterManager,Decision: Refer | Confidence: medium | Brief reason: The combination of advanced age and low liquid savings requires further review of income stability before a final decision can be made.,refer,medium,bad
test50_B014_IncomeAgent,B014,IncomeAgent,"Decision: Refer | Confidence: high | Brief reason: Income evidence (salary slips, bank statements) is missing and required for verification.",refer,high,bad
test50_B014_FraudAgent,B014,FraudAgent,Decision: Refer | Confidence: medium | Brief reason: Low liquidity combined with a car loan requires manual review of cash flow and income stability.,refer,medium,bad
test50_B014_CreditAgent,B014,CreditAgent,Decision: Refer | Confidence: medium | Brief reason: The low liquid assets require further documentation to verify stable income and adequate financial cushion before a decision can be made.,refer,medium,bad
test50_B014_ComplianceAgent,B014,ComplianceAgent,"Decision: Refer | Confidence: high | Brief reason: The application requires further documentation, specifically detailed income proof, to confirm repayment capacity given the borrower's age and low liquid assets.",refer,high,bad
test50_B014_SummariserAgent,B014,SummariserAgent,Decision: Refer | Confidence: medium | Brief reason: Further review is needed due to low liquid savings and checking account balances.,refer,medium,bad
test50_B014_WeakModelAgent,B014,WeakModelAgent,Decision: Approve | Confidence: medium | Brief reason: The small loan size and owned housing mitigate most of the risk.,approve,medium,bad
test50_B015_RouterManager,B015,RouterManager,Decision: Refer | Confidence: medium | Brief reason: Limited savings and checking balances suggest insufficient financial cushion for this loan amount.,refer,medium,good
test50_B015_IncomeAgent,B015,IncomeAgent,Decision: Reject | Confidence: high | Brief reason: Essential income documentation (salary slips or bank statements) required for verification was not provided,reject,high,good
test50_B015_FraudAgent,B015,FraudAgent,Decision: Refer | Confidence: medium | Brief reason: Low savings and checking balances combined with a significant loan request warrant manual review of cash flow history.,refer,medium,good
test50_B015_CreditAgent,B015,CreditAgent,"Decision: Refer | Confidence: medium | Brief reason: The low savings and checking balances raise concerns about immediate financial resilience, requiring further income verification before approval.",refer,medium,good
test50_B015_ComplianceAgent,B015,ComplianceAgent,Decision: Refer | Confidence: medium | Brief reason: The application lacks sufficient verifiable income details and comprehensive KYC documentation for final approval.,refer,medium,good
test50_B015_SummariserAgent,B015,SummariserAgent,"Decision: Refer | Confidence: medium | Brief reason: The low savings and checking balances, combined with the car purchase purpose, require verification of stable income and existing financial obligations.",refer,medium,good
test50_B015_WeakModelAgent,B015,WeakModelAgent,Decision: Refer | Confidence: medium | Brief reason: The low savings and checking account balances suggest insufficient financial cushion for this loan amount.,refer,medium,good
test50_B016_RouterManager,B016,RouterManager,Decision: Approve | Confidence: high | Brief reason: The borrower's stable housing ownership and job type significantly mitigate the minor liquidity concerns for this small loan amount.,approve,high,bad
test50_B016_IncomeAgent,B016,IncomeAgent,Decision: Approve | Confidence: high | Brief reason: Stable employment status and home ownership indicate strong repayment capacity.,approve,high,bad
test50_B016_FraudAgent,B016,FraudAgent,Decision: Refer | Confidence: medium | Brief reason: The low checking account balance requires further income verification before a decision can be made.,refer,medium,bad
test50_B016_CreditAgent,B016,CreditAgent,"Decision: Approve | Confidence: medium | Brief reason: The borrower's stable housing and employment history mitigate the risk for this small, discretionary loan amount.",approve,medium,bad
test50_B016_ComplianceAgent,B016,ComplianceAgent,"Decision: Approve | Confidence: high | Brief reason: The borrower demonstrates stability through owning a home and having moderate savings, mitigating the low checking balance.",approve,high,bad
test50_B016_SummariserAgent,B016,SummariserAgent,Decision:,unknown,unknown,bad
test50_B016_WeakModelAgent,B016,WeakModelAgent,Decision,unknown,unknown,bad
test50_B017_RouterManager,B017,RouterManager,"Decision: Refer | Confidence: medium | Brief reason: Critical financial data regarding savings and checking accounts are unknown, requiring further verification.",refer,medium,good
test50_B017_IncomeAgent,B017,IncomeAgent,Decision: Reject | Confidence: high | Brief reason: No income verification documents were provided for assessment.,reject,high,good
test50_B017_FraudAgent,B017,FraudAgent,"Decision: Refer | Confidence: low | Brief reason: Key financial details, such as savings and checking account status, are unknown and require further verification.",refer,low,good
test50_B017_CreditAgent,B017,CreditAgent,Decision,unknown,unknown,good
test50_B017_ComplianceAgent,B017,ComplianceAgent,"Decision: Refer | Confidence: low | Brief reason: Critical financial data, specifically",refer,low,good
test50_B017_SummariserAgent,B017,SummariserAgent,"Decision: Refer | Confidence: medium | Brief reason: More financial details, such as savings and checking account balances, are needed for full assessment.",refer,medium,good
test50_B017_WeakModelAgent,B017,WeakModelAgent,Decision: Reject | Confidence: medium | Brief reason: The lack of verifiable savings and checking account details makes assessing repayment ability too risky.,reject,medium,good
test50_B018_RouterManager,B018,RouterManager,Decision: Refer | Confidence: medium | Brief reason: Detailed business plans and verifiable income streams are needed before a final decision can be made.,refer,medium,good
test50_B018_IncomeAgent,B018,IncomeAgent,Decision: Reject | Confidence: high | Brief reason: Essential income evidence and financial statements are missing for verification of repayment capacity.,reject,high,good
test50_B018_FraudAgent,B018,FraudAgent,"Decision: Refer | Confidence: high | Brief reason: Critical financial information, specifically verifiable savings, is unknown and requires manual investigation.",refer,high,good
test50_B018_CreditAgent,B018,CreditAgent,"The user wants me to act as a Credit Agent specializing in Stage 3 credit review. | My goal is to assess repayment ability, credit behavior, and overall lending risk based on the provided loan application details. | **Application Details:** | *   Borrower profile: Age 25, male. | *   Job type: 2 (Implies stable/defined employment, but specifics are missing). | *   Housing: Own (Positive indicator of stability). | *   Savings: Unknown (Negative/Uncertain factor). | *   Checking account: Little (P",reject,high,good
test50_B018_ComplianceAgent,B018,ComplianceAgent,Decision: Refer | Confidence: high | Brief reason: The application requires further documentation regarding savings and detailed business plans.,refer,high,good
test50_B018_SummariserAgent,B018,SummariserAgent,"Decision: Refer | Confidence: medium | Brief reason: The application requires additional documentation, specifically detailed business plans and proof of sufficient liquid savings, before a final decision can be made.",refer,medium,good
test50_B018_WeakModelAgent,B018,WeakModelAgent,Decision: Refer | Confidence: medium | Brief reason: The unknown savings and little checking account suggest insufficient liquid funds requiring further verification.,refer,medium,good
test50_B019_RouterManager,B019,RouterManager,"Decision: Refer | Confidence: medium | Brief reason: The low savings level suggests limited financial cushion, requiring further verification of the borrower's overall financial stability before a decision can be made.",refer,medium,bad
test50_B019_IncomeAgent,B019,IncomeAgent,"Decision: Refer | Confidence: high | Brief reason: No income evidence was provided for verification, making assessment impossible.",refer,high,bad
test50_B019_FraudAgent,B019,FraudAgent,Decision: Refer | Confidence: medium | Brief reason: The combination of little savings and a substantial loan request suggests potential overextension requiring manual review.,refer,medium,bad
test50_B019_CreditAgent,B019,CreditAgent,Decision: Refer | Confidence: medium | Brief reason: Critical information regarding verifiable income and existing liabilities is missing for a final assessment.,refer,medium,bad
test50_B019_ComplianceAgent,B019,ComplianceAgent,"Decision: Refer | Confidence: medium | Brief reason: The combination of little savings and free housing suggests marginal financial stability, requiring deeper income verification before approval.",refer,medium,bad
test50_B019_SummariserAgent,B019,SummariserAgent,Decision: Refer | Confidence: medium | Brief reason: The profile shows moderate stability but requires further review due to low savings relative to the loan amount.,refer,medium,bad
test50_B019_WeakModelAgent,B019,WeakModelAgent,Decision: Reject | Confidence: medium | Brief reason: The low savings combined with a large loan request is concerning for repayment ability.,reject,medium,bad
test50_B020_RouterManager,B020,RouterManager,Decision: Approve | Confidence: high | Brief reason: The borrower demonstrates strong financial stability due to owning housing and having significant savings.,approve,high,good
test50_B020_IncomeAgent,B020,IncomeAgent,"Decision: Reject | Confidence: high | Brief reason: Required income evidence (salary slips, bank statements) was not",reject,high,good
test50_B020_FraudAgent,B020,FraudAgent,Decision: Refer | Confidence: high | Brief reason: The unknown checking account details prevent full risk assessment and require manual verification.,refer,high,good
test50_B020_CreditAgent,B020,CreditAgent,Decision: Approve | Confidence: high | Brief reason: The borrower demonstrates strong financial stability and sufficient savings to manage this loan easily.,approve,high,good
test50_B020_ComplianceAgent,B020,ComplianceAgent,Decision: Approve | Confidence: high | Brief reason: The borrower demonstrates strong financial stability with owned housing and significant savings.,approve,high,good
test50_B020_SummariserAgent,B020,SummariserAgent,Decision: Approve | Confidence: high | Brief reason: The borrower exhibits strong financial stability due to owning a home and having substantial savings.,approve,high,good
test50_B020_WeakModelAgent,B020,WeakModelAgent,Decision: Approve | Confidence: high | Brief reason: The strong savings and stable housing suggest reliable repayment ability for this small loan.,approve,high,good
test50_B021_RouterManager,B021,RouterManager,Decision: Refer | Confidence: medium | Brief reason: Further verification of checking account details and income stability is required before a definitive decision can be made.,refer,medium,good
test50_B021_IncomeAgent,B021,IncomeAgent,Decision: Reject | Confidence: high | Brief reason: Mandatory,reject,high,good
test50_B021_FraudAgent,B021,FraudAgent,"Decision: Refer | Confidence: high | Brief reason: The unknown checking account status prevents adequate verification of financial history and source of funds, requiring manual investigation.",refer,high,good
test50_B021_CreditAgent,B021,CreditAgent,Decision: Refer | Confidence: medium | Brief reason: Further verification of income and existing liabilities is required before a decision can be made.,refer,medium,good
test50_B021_ComplianceAgent,B021,ComplianceAgent,"Decision: Refer | Confidence: low | Brief reason: Critical financial data, specifically the checking account status, is unknown and requires further documentation for assessment.",refer,low,good
test50_B021_SummariserAgent,B021,SummariserAgent,Decision: Refer | Confidence: medium | Brief reason: Further review of income stability and detailed bank statements is required due to low savings and unknown checking account details.,refer,medium,good
test50_B021_WeakModelAgent,B021,WeakModelAgent,Decision: Refer | Confidence: low | Brief reason: Further verification of income and detailed account information is required.,refer,low,good
test50_B022_RouterManager,B022,RouterManager,"Decision: Approve | Confidence: high | Brief reason: The borrower's substantial savings capacity significantly mitigates the risks associated with this small, short-term loan.",approve,high,good
test50_B022_IncomeAgent,B022,IncomeAgent,Decision: Approve | Confidence: high | Brief reason: The borrower's substantial savings and assumed stable income support repayment for this short duration loan.,approve,high,good
test50_B022_FraudAgent,B022,FraudAgent,Decision: Refer | Confidence: medium | Brief reason: The significant disparity between high savings and low checking account suggests an abnormal cash flow requiring manual investigation.,refer,high,good
test50_B022_CreditAgent,B022,CreditAgent,Decision: Approve | Confidence: high | Brief reason: The borrower's substantial savings combined with a short repayment term suggest low risk of default.,approve,high,good
test50_B022_ComplianceAgent,B022,ComplianceAgent,Decision: Approve | Confidence: medium | Brief reason: The low-risk purpose and strong savings profile suggest the application is safe enough to proceed toward a decision.,approve,medium,good
test50_B022_SummariserAgent,B022,SummariserAgent,Decision: Approve | Confidence: high | Brief reason: The borrower's substantial savings and the short loan duration significantly reduce overall risk.,approve,high,good
test50_B022_WeakModelAgent,B022,WeakModelAgent,Decision: Refer | Confidence: medium | Brief reason: The discrepancy between little liquid funds and the requested loan amount requires further review.,refer,medium,good
test50_B023_RouterManager,B023,RouterManager,"Decision: Refer | Confidence: medium | Brief reason: The low savings and checking account balances indicate limited financial cushion, requiring further income verification or collateral review.",refer,medium,good
test50_B023_IncomeAgent,B023,IncomeAgent,Decision: Reject | Confidence: high | Brief reason: Essential income documentation required for verification was not provided.,reject,high,good
test50_B023_FraudAgent,B023,FraudAgent,Decision: Refer | Confidence: high | Brief reason: The borrower's minimal liquid assets suggest high financial vulnerability that requires manual review for cash flow stability.,refer,high,good
test50_B023_CreditAgent,B023,CreditAgent,Decision: Refer | Confidence: medium | Brief reason: The lack of visible savings and checking account funds requires verification of stable income and current debt load before a decision can be made.,refer,medium,good
test50_B023_ComplianceAgent,B023,ComplianceAgent,Decision: Refer | Confidence: medium | Brief reason: The low savings and checking balances require further verification of financial stability before approval can be considered.,refer,medium,good
test50_B023_SummariserAgent,B023,SummariserAgent,"Decision: Refer | Confidence: medium | Brief reason: Low savings and checking account balances suggest limited financial cushion, requiring further income verification before approval.",refer,medium,good
test50_B023_WeakModelAgent,B023,WeakModelAgent,Decision: Refer | Confidence: low | Brief reason: The profile indicates insufficient financial reserves and potential instability requiring further review.,refer,low,good
test50_B024_RouterManager,B024,RouterManager,Decision: Approve | Confidence: high | Brief reason:,approve,high,good
test50_B024_IncomeAgent,B024,IncomeAgent,Decision: Approve | Confidence: high | Brief reason: The borrower demonstrates strong financial stability through housing ownership and stable employment indicators.,approve,high,good
test50_B024_FraudAgent,B024,FraudAgent,Decision: Refer | Confidence: high | Brief reason: More detailed financial documents are required for a complete fraud review and risk assessment.,refer,high,good
test50_B024_CreditAgent,B024,CreditAgent,Decision: Approve | Confidence: high | Brief reason: The borrower demonstrates strong stability through asset ownership and moderate financial reserves.,approve,high,good
test50_B024_ComplianceAgent,B024,ComplianceAgent,Decision: Approve | Confidence: high | Brief reason: The borrower presents a stable profile with standard loan parameters that meet compliance and regulatory readiness standards.,approve,high,good
test50_B024_SummariserAgent,B024,SummariserAgent,"Decision: Approve | Confidence: high | Brief reason: The borrower exhibits strong stability indicators, including home ownership and moderate financial reserves, supporting the loan request.",approve,high,good
test50_B024_WeakModelAgent,B024,WeakModelAgent,Decision: Approve | Confidence: medium | Brief reason: The borrower seems stable enough with owned housing and adequate finances for this loan.,approve,medium,good
test50_B025_RouterManager,B025,RouterManager,Decision: Refer | Confidence: medium | Brief reason: Additional documentation verifying current savings and stable income is required before a decision can be made.,refer,medium,good
test50_B025_IncomeAgent,B025,IncomeAgent,"Decision: Refer | Confidence: low | Brief reason: Critical financial details, such as specific income amounts and savings data, are unknown.",refer,low,good
test50_B025_FraudAgent,B025,FraudAgent,"Decision: Refer | Confidence: medium | Brief reason: Key financial details, such as savings and checking account status, are unknown and require further verification.",refer,medium,good
test50_B025_CreditAgent,B025,CreditAgent,"Decision: Refer | Confidence: medium | Brief reason: Critical financial metrics such as credit score, income, and existing liabilities are missing for a definitive assessment.",refer,medium,good
test50_B025_ComplianceAgent,B025,ComplianceAgent,"Decision: Refer | Confidence: high | Brief reason: Critical financial KYC details (savings/checking account) are unknown, preventing full risk assessment.",refer,high,good
test50_B025_SummariserAgent,B025,SummariserAgent,Decision: Refer | Confidence: low | Brief reason: Further documentation is required to verify income stability and assess liquid assets.,refer,low,good
test50_B025_WeakModelAgent,B025,WeakModelAgent,Decision: Approve | Confidence:,approve,unknown,good
test50_B026_RouterManager,B026,RouterManager,"Decision: Approve | Confidence: medium | Brief reason: The loan is small and short-term, mitigating the risk posed by low savings reserves.",approve,medium,good
test50_B026_IncomeAgent,B026,IncomeAgent,"Decision: Reject | Confidence: high | Brief reason: Required income evidence (salary slips, bank statements) was not provided for verification.",reject,high,good
test50_B026_FraudAgent,B026,FraudAgent,Decision: Refer | Confidence: low | Brief reason: The combination of little savings and checking accounts suggests potential financial strain requiring manual review of cash flows and income history.,refer,low,good
test50_B026_CreditAgent,B026,CreditAgent,"The user wants me to act as a Credit Agent performing a Stage 3 credit review. | My goal is to assess repayment ability, credit behavior, and overall lending risk based on the provided borrower profile. | **Borrower Profile Analysis:** | *   Age: 36 (Generally stable age) | *   Gender: Male | *   Job type: 1 (Implies some level of employment stability, but details are missing) | *   Housing: Own (Positive indicator of stability/asset ownership) | *   Savings: Little (Negative indicator of financ",approve,high,good
test50_B026_ComplianceAgent,B026,ComplianceAgent,"Decision: Approve | Confidence: medium | Brief reason: The short duration and specific purpose make the loan manageable, provided income verification confirms repayment capacity.",approve,medium,good
test50_B026_SummariserAgent,B026,SummariserAgent,Decision,unknown,unknown,good
test50_B026_WeakModelAgent,B026,WeakModelAgent,Decision: Approve | Confidence: medium | Brief reason: The borrower's stable job,approve,medium,good
test50_B027_RouterManager,B027,RouterManager,Decision: Refer | Confidence: medium | Brief reason: Further review is required to verify income stability and assess detailed savings capacity.,refer,medium,good
test50_B027_IncomeAgent,B027,IncomeAgent,"Decision: Reject | Confidence: high | Brief reason: No income evidence (salary slips, bank statements) was provided for verification.",reject,high,good
test50_B027_FraudAgent,B027,FraudAgent,Decision: Refer | Confidence: high | Brief reason: The unknown checking account prevents proper verification of cash flow and identity required for Stage 2 review.,refer,high,good
test50_B027_CreditAgent,B027,CreditAgent,Decision: Refer | Confidence: medium | Brief reason: Further verification of stable income and detailed financial records is required before a decision can be made.,refer,medium,good
test50_B027_ComplianceAgent,B027,ComplianceAgent,Decision: Refer | Confidence: low | Brief reason: Verification of the unknown checking account details is required before a decision can be made.,refer,low,good
test50_B027_SummariserAgent,B027,SummariserAgent,Decision: Refer | Confidence: medium | Brief reason: Further documentation regarding the checking account and verifiable income is needed for assessment.,refer,medium,good
test50_B027_WeakModelAgent,B027,WeakModelAgent,Decision: Approve | Confidence: medium | Brief reason: The loan amount is small and the repayment period is quite short.,approve,medium,good
test50_B028_RouterManager,B028,RouterManager,Decision: Approve. Confidence: high. Brief reason: The borrower's rich savings and checking accounts indicate strong financial liquidity to manage the loan repayment.,approve,high,good
test50_B028_IncomeAgent,B028,IncomeAgent,Decision: Approve | Confidence: high | Brief reason: The borrower demonstrates strong financial capacity with rich savings and checking account balances.,approve,high,good
test50_B028_FraudAgent,B028,FraudAgent,Decision: Approve | Confidence: high | Brief reason: The borrower demonstrates strong financial liquidity and the requested loan purpose is low risk.,approve,high,good
test50_B028_CreditAgent,B028,CreditAgent,Decision: Approve | Confidence: high | Brief reason: The borrower demonstrates excellent financial,approve,high,good
test50_B028_ComplianceAgent,B028,ComplianceAgent,Decision: Approve | Confidence: high | Brief reason: The borrower demonstrates strong financial stability with rich savings and checking accounts.,approve,high,good
test50_B028_SummariserAgent,B028,SummariserAgent,"Decision: Approve | Confidence: high | Brief reason: The borrower demonstrates excellent financial stability with rich savings and checking accounts, supporting the loan request.",approve,high,good
test50_B028_WeakModelAgent,B028,WeakModelAgent,Decision: Approve | Confidence: medium | Brief reason: The borrower has very strong liquid assets that can easily cover the requested amount.,approve,medium,good
test50_B029_RouterManager,B029,RouterManager,"Decision: Approve | Confidence: medium | Brief reason: The borrower's stable housing and moderate checking account mitigate the risk associated with little savings for this small, short-term loan.",approve,medium,good
test50_B029_IncomeAgent,B029,IncomeAgent,"Decision: Approve | Confidence: medium | Brief reason: The borrower demonstrates stable indicators like home ownership and moderate cash flow, suggesting adequate repayment ability for this short-term loan.",approve,medium,good
test50_B029_FraudAgent,B029,FraudAgent,Decision: Refer | Confidence: medium | Brief reason: The low savings level combined with the loan request requires manual verification of financial stability and income sources.,refer,medium,good
test50_B029_CreditAgent,B029,CreditAgent,Decision: Approve. Confidence: high. Brief reason: The applicant demonstrates strong stability through home ownership and a favorable short repayment term.,approve,high,good
test50_B029_ComplianceAgent,B029,ComplianceAgent,"Decision: Approve | Confidence: high | Brief reason: The loan is short-term, for a low-risk consumer purpose, and the borrower shows signs of stability through owned housing and moderate account activity.",approve,high,good
test50_B029_SummariserAgent,B029,SummariserAgent,Decision: Approve | Confidence,approve,unknown,good
test50_B029_WeakModelAgent,B029,WeakModelAgent,Decision: Approve | Confidence: high | Brief reason: Owning your own home suggests sufficient financial stability for this small loan.,approve,high,good
test50_B030_RouterManager,B030,RouterManager,"Decision: Refer, Confidence: medium, Brief reason: The combination of advanced age, low liquidity indicators, and business purpose requires detailed financial review before a decision can be made.",refer,medium,bad
test50_B030_IncomeAgent,B030,IncomeAgent,Decision: Refer | Confidence: high | Brief reason: Mandatory income evidence (e.,refer,high,bad
test50_B030_FraudAgent,B030,FraudAgent,Decision: Refer | Confidence: medium | Brief reason: Low liquid assets combined with a business funding request necessitates manual review of financial stability and cash flow projections.,refer,medium,bad
test50_B030_CreditAgent,B030,CreditAgent,Decision: Refer | Confidence: medium | Brief reason: The loan purpose requires a detailed business plan and cash flow analysis before a decision can be made.,refer,medium,bad
test50_B030_ComplianceAgent,B030,ComplianceAgent,Decision: Refer | Confidence: low | Brief reason: Further documentation is required to assess business viability and manage concerns regarding limited liquid assets.,refer,low,bad
test50_B030_SummariserAgent,B030,SummariserAgent,"Decision: Refer | Confidence: medium | Brief reason: The application requires further documentation regarding business plans, income verification, and collateral assessment due to age and liquidity concerns.",refer,medium,bad
test50_B030_WeakModelAgent,B030,WeakModelAgent,Decision: Reject,reject,unknown,bad
test50_B031_RouterManager,B031,RouterManager,Decision: Approve | Confidence,approve,unknown,good
test50_B031_IncomeAgent,B031,IncomeAgent,Decision: Reject | Confidence: high | Brief reason: Essential income documentation required for verification was not provided.,reject,high,good
test50_B031_FraudAgent,B031,FraudAgent,Decision: Approve | Confidence: high | Brief reason: The borrower demonstrates strong financial stability with owned housing and rich savings.,approve,high,good
test50_B031_CreditAgent,B031,CreditAgent,Decision: Approve | Confidence: high | Brief reason: The borrower demonstrates strong financial stability with owned housing and rich savings.,approve,high,good
test50_B031_ComplianceAgent,B031,ComplianceAgent,"Decision: Refer | Confidence: medium | Brief reason: The loan purpose requires further documentation, specifically a detailed business plan and financial projections.",refer,medium,good
test50_B031_SummariserAgent,B031,SummariserAgent,"Decision: Approve | Confidence: high | Brief reason: The borrower demonstrates excellent financial stability with owned housing and rich savings, mitigating the risk for a business loan.",approve,high,good
test50_B031_WeakModelAgent,B031,WeakModelAgent,Decision: Approve | Confidence: high | Brief reason: The borrower's excellent savings and owned housing provide sufficient stability for this loan.,approve,high,good
test50_B032_RouterManager,B032,RouterManager,"Decision: Approve | Confidence: high | Brief reason: The borrower's stable housing ownership and the small, manageable loan purpose outweigh minor liquidity concerns.",approve,high,good
test50_B032_IncomeAgent,B032,IncomeAgent,Decision: Reject | Confidence: high | Brief reason: Essential income verification documents are missing for assessment.,reject,high,good
test50_B032_FraudAgent,B032,FraudAgent,Decision: Refer | Confidence: medium | Brief reason: Low liquid assets relative to the requested loan amount suggest a need for manual review of the borrower's true cash flow and repayment capacity.,refer,medium,good
test50_B032_CreditAgent,B032,CreditAgent,Decision: Approve | Confidence: medium | Brief reason: Homeownership indicates strong long-term stability which outweighs the risk posed by limited immediate savings and checking balances.,approve,medium,good
test50_B032_ComplianceAgent,B032,ComplianceAgent,Decision: Refer | Confidence: low | Brief reason: Further verification is needed regarding the borrower's current liquidity and cash flow.,refer,low,good
test50_B032_SummariserAgent,B032,SummariserAgent,Decision: Refer | Confidence: medium | Brief reason: Further verification of income and detailed liquidity is required before a decision can be made.,refer,medium,good
test50_B032_WeakModelAgent,B032,WeakModelAgent,Decision: Refer | Confidence: low | Brief reason: The limited savings and checking account balances raise concerns about immediate financial stability.,refer,low,good
test50_B033_RouterManager,B033,RouterManager,Decision: Approve | Confidence: high | Brief reason: The borrower presents a stable profile with owned housing and moderate financial standing.,approve,high,good
test50_B033_IncomeAgent,B033,IncomeAgent,Decision: Approve | Confidence: high | Brief reason: The borrower demonstrates strong financial stability with owned housing and moderate liquid assets.,approve,high,good
test50_B033_FraudAgent,B033,FraudAgent,"Decision: Approve. Confidence: high. Brief reason: The borrower presents a stable profile with owned housing and standard financials, showing no visible indicators of fraud or risk.",approve,high,good
test50_B033_CreditAgent,B033,CreditAgent,Decision: Approve | Confidence: high | Brief reason: The applicant shows strong financial stability indicated by owning housing and maintaining moderate savings and checking accounts.,approve,high,good
test50_B033_ComplianceAgent,B033,ComplianceAgent,"Decision: Approve, Confidence: high,",approve,high,good
test50_B033_SummariserAgent,B033,SummariserAgent,Decision: Approve | Confidence: high | Brief reason: The borrower exhibits strong financial stability through owning housing and maintaining moderate savings and checking accounts.,approve,high,good
test50_B033_WeakModelAgent,B033,WeakModelAgent,Decision: Approve | Confidence: medium | Brief reason: The borrower's stable housing situation and age suggest they can manage this loan.,approve,medium,good
test50_B034_RouterManager,B034,RouterManager,Decision: Refer | Confidence: high | Brief reason: The application lacks critical financial details and supporting documentation necessary for a definitive decision on a business loan.,refer,high,good
test50_B034_IncomeAgent,B034,IncomeAgent,Decision: Reject | Confidence: high | Brief reason: Insufficient income evidence and missing financial details prevent verification of repayment capability.,reject,high,good
test50_B034_FraudAgent,B034,FraudAgent,Decision: Refer | Confidence: high | Brief reason: The unknown status of savings and checking accounts prevents verification of necessary cash flows required for a business loan.,refer,high,good
test50_B034_CreditAgent,B034,CreditAgent,"Decision: Refer | Confidence: high | Brief reason: Critical financial data, including savings, checking account history, and current debt burden, is missing for proper risk assessment.",refer,high,good
test50_B034_ComplianceAgent,B034,ComplianceAgent,Decision: Refer,refer,unknown,good
test50_B034_SummariserAgent,B034,SummariserAgent,"Decision: Refer | Confidence: medium | Brief reason: Critical financial details, such as savings and checking account information, are missing for proper assessment.",refer,medium,good
test50_B034_WeakModelAgent,B034,WeakModelAgent,Decision: Refer | Confidence: low | Brief reason: The application lacks critical financial data required for assessing business risk.,refer,low,good
test50_B035_RouterManager,B035,RouterManager,"Decision: Approve | Confidence: high | Brief reason: The borrower demonstrates strong financial stability through owned housing and rich liquid funds, which mitigates the low savings concern for this small loan.",approve,high,good
test50_B035_IncomeAgent,B035,IncomeAgent,Decision: Approve | Confidence: high | Brief reason: The,approve,high,good
test50_B035_FraudAgent,B035,FraudAgent,Decision: Approve | Confidence: high | Brief reason: The borrower demonstrates strong financial stability through owning housing and maintaining a rich checking account.,approve,high,good
test50_B035_CreditAgent,B035,CreditAgent,Decision: Approve | Confidence: high | Brief reason: Strong liquidity from,approve,high,good
test50_B035_ComplianceAgent,B035,ComplianceAgent,"I need to act as a Compliance Agent performing Stage 4 compliance review. | My goal is to check internal policy fit, KYC completeness, and regulatory readiness (RBI-style expectations) before determining if the application is safe to move toward a decision. | **Review Criteria Checklist:** | 1.  **Policy Rules Check:** Does the profile fit standard lending policies? | 2.  **KYC Completeness Check:** Are all necessary identification/verification elements present? | 3.  **Regulatory Readiness (RBI",approve,high,good
test50_B035_SummariserAgent,B035,SummariserAgent,Decision: Approve | Confidence: high | Brief reason: Strong liquidity indicated by the rich checking account and stable housing suggests manageable risk for this purpose.,approve,high,good
test50_B035_WeakModelAgent,B035,WeakModelAgent,Decision: Approve | Confidence: medium | Brief reason: The strong checking account balance and stable housing mitigate the risk despite low personal savings.,approve,medium,good
test50_B036_RouterManager,B036,RouterManager,"Decision: Approve, Confidence: medium, Brief reason: Home ownership indicates strong stability, making the small loan amount manageable despite limited savings.",approve,medium,bad
test50_B036_IncomeAgent,B036,IncomeAgent,"Decision: Refer | Confidence: low | Brief reason: Essential income evidence (salary slips, bank statements) is missing for verification.",refer,low,bad
test50_B036_FraudAgent,B036,FraudAgent,Decision: Refer | Confidence: medium | Brief reason: The combination of little savings and a moderate loan request suggests potential financial strain requiring manual investigation into the borrower's actual cash flow.,refer,medium,bad
test50_B036_CreditAgent,B036,CreditAgent,"The user wants me to act as a Credit Agent performing a Stage 3 credit review. | My goal is to assess repayment ability, credit behavior, and overall lending risk based on the provided borrower profile. | **Borrower Profile Analysis:** | *   **Age:** 25 (Young, suggests early career/financial history building). | *   **Gender:** Male (Neutral for credit assessment). | *   **Job type:** 1 (Assumed to be stable or entry-level, but specific details are missing). | *   **Housing:** Own (Positive sig",approve,high,bad
test50_B036_ComplianceAgent,B036,ComplianceAgent,"I need to act as a Compliance Agent performing Stage 4 compliance review. | My goal is to check internal policy fit, KYC completeness, and regulatory readiness (RBI-style expectations) before determining if the application is safe to move toward a decision. | **Review Criteria Check:** | 1.  **Policy Rules/Internal Fit:** The loan purpose is ""radio/TV"" (consumer goods). The amount is 4746 DM over 45 months. This suggests a relatively small, unsecured consumer loan. | 2.  **KYC Completeness:** | ",approve,medium,bad
test50_B036_SummariserAgent,B036,SummariserAgent,Decision: Refer | Confidence: medium | Brief reason: The low savings and discretionary purpose require further review of the borrower's full financial stability and income details.,refer,medium,bad
test50_B036_WeakModelAgent,B036,WeakModelAgent,Decision: Refer | Confidence: medium | Brief reason: The combination of little savings and a non-essential purchase purpose requires further review.,refer,medium,bad
test50_B037_RouterManager,B037,RouterManager,Decision: Approve. Confidence: medium. Brief reason: The borrower's low overhead costs from free housing and the educational purpose suggest a manageable repayment risk.,approve,medium,good
test50_B037_IncomeAgent,B037,IncomeAgent,Decision:,unknown,unknown,good
test50_B037_FraudAgent,B037,FraudAgent,Decision: Refer | Confidence: high | Brief reason: The unknown checking account prevents verification of cash flows and raises significant fraud suspicion requiring manual review.,refer,high,good
test50_B037_CreditAgent,B037,CreditAgent,Decision: Refer | Confidence: medium | Brief reason: The application requires further verification of income stability and detailed checking account history to assess true repayment capacity.,refer,medium,good
test50_B037_ComplianceAgent,B037,ComplianceAgent,Decision: Refer | Confidence: low | Brief reason: Further documentation is required to verify the borrower's current income and financial stability.,refer,low,good
test50_B037_SummariserAgent,B037,SummariserAgent,Decision: Refer,refer,unknown,good
test50_B037_WeakModelAgent,B037,WeakModelAgent,Decision: Refer | Confidence: low | Brief reason: The unknown checking account details make a definitive risk assessment impossible.,refer,low,good
test50_B038_RouterManager,B038,RouterManager,Decision: Approve | Confidence: high | Brief reason: Strong financial stability from owning a home and having rich checking accounts outweighs minor savings concerns.,approve,high,bad
test50_B038_IncomeAgent,B038,IncomeAgent,Decision: Refer | Confidence: medium | Brief reason: Required income documents and proof of current debt load are missing for proper verification.,refer,medium,bad
test50_B038_FraudAgent,B038,FraudAgent,Decision: Refer | Confidence: medium | Brief reason: The significant inconsistency between little personal savings and a rich checking account suggests abnormal cash flow requiring manual review.,refer,medium,bad
test50_B038_CreditAgent,B038,CreditAgent,"Decision: Approve | Confidence: high | Brief reason: The strong checking account balance and owned housing provide sufficient stability for this small, non-essential loan.",approve,high,bad
test50_B038_ComplianceAgent,B038,ComplianceAgent,"Decision: Approve | Confidence: medium | Brief reason: Strong immediate cash flow and stable housing mitigate the risk posed by limited savings for this small, low-risk loan.",approve,medium,bad
test50_B038_SummariserAgent,B038,SummariserAgent,Decision,unknown,unknown,bad
test50_B038_WeakModelAgent,B038,WeakModelAgent,Decision: Approve | Confidence: medium | Brief reason: The rich checking account indicates sufficient immediate liquidity to cover the loan amount.,approve,medium,bad
test50_B039_RouterManager,B039,RouterManager,Decision: Approve | Confidence: high | Brief reason: Strong liquidity from the rich checking account combined with homeownership suggests reliable repayment capacity for this consumer loan.,approve,high,good
test50_B039_IncomeAgent,B039,IncomeAgent,Decision: Approve | Confidence: high | Brief reason: The rich checking account indicates sufficient immediate liquid funds to cover repayments.,approve,high,good
test50_B039_FraudAgent,B039,FraudAgent,"I need to act as a Fraud Agent specializing in Stage 2 fraud review. | My goal is to detect suspicious patterns, forged evidence, identity mismatch, or tampered records based on the provided loan application profile. | **Analysis of Borrower Profile:** | *   **Age:** 37 (Normal) | *   **Gender:** Male (Neutral) | *   **Job type:** 2 (Needs context, but generally acceptable unless flagged otherwise) | *   **Housing:** Own (Positive indicator of stability) | *   **Savings:** Little (Potential weak",approve,high,good
test50_B039_CreditAgent,B039,CreditAgent,Decision: Approve | Confidence: high | Brief reason: The combination of owning a home and having a rich checking account suggests sufficient financial stability for this appliance purchase.,approve,high,good
test50_B039_ComplianceAgent,B039,ComplianceAgent,Decision: Approve | Confidence: high | Brief reason: The strong checking account balance indicates sufficient immediate repayment capacity for the requested,approve,high,good
test50_B039_SummariserAgent,B039,SummariserAgent,Decision: Approve | Confidence: high,approve,high,good
test50_B039_WeakModelAgent,B039,WeakModelAgent,Decision: Approve,approve,unknown,good
test50_B040_RouterManager,B040,RouterManager,"Decision: Approve | Confidence: medium | Brief reason: The borrower shows signs of stability through home ownership and moderate checking accounts, justifying approval for this small, short-term loan.",approve,medium,good
test50_B040_IncomeAgent,B040,IncomeAgent,"Decision: Approve | Confidence: high | Brief reason: The borrower's stable housing situation and moderate cash flow support this small, short-term loan.",approve,high,good
test50_B040_FraudAgent,B040,FraudAgent,"Decision: Approve, Confidence: medium, Brief reason: The loan is for a low-risk consumer purpose with a manageable term despite limited savings.",approve,medium,good
test50_B040_CreditAgent,B040,CreditAgent,Decision: Refer | Confidence: medium | Brief reason: Low savings combined with a discretionary loan purpose requires further review of the borrower's emergency fund and budget.,refer,medium,good
test50_B040_ComplianceAgent,B040,ComplianceAgent,"Decision: Approve | Confidence: high | Brief reason: The application is compliant, has a low-risk purpose, and sufficient KYC data for proceeding toward decision.",approve,high,good
test50_B040_SummariserAgent,B040,SummariserAgent,"Decision: Approve | Confidence: medium | Brief reason: The borrower's stable housing situation and moderate checking account balance mitigate the risk associated with the short-term, discretionary loan purpose.",approve,medium,good
test50_B040_WeakModelAgent,B040,WeakModelAgent,Decision: Refer | Confidence: medium | Brief reason: The low savings coupled with a discretionary purpose necessitates additional financial verification.,refer,medium,good
test50_B041_RouterManager,B041,RouterManager,Decision: Approve | Confidence: high | Brief reason: The borrower exhibits strong financial stability and the loan purpose is low risk.,approve,high,good
test50_B041_IncomeAgent,B041,IncomeAgent,Decision: Reject | Confidence: high | Brief reason: Required,reject,high,good
test50_B041_FraudAgent,B041,FraudAgent,Decision: Refer | Confidence: medium | Brief reason: The unknown checking account status requires manual verification of financial history and source of funds.,refer,medium,good
test50_B041_CreditAgent,B041,CreditAgent,Decision: Approve | Confidence: high | Brief reason: The borrower shows strong financial stability due to owning housing and having significant savings.,approve,high,good
test50_B041_ComplianceAgent,B041,ComplianceAgent,Decision: Approve | Confidence: high | Brief reason: The borrower demonstrates strong financial stability with owned housing and substantial savings.,approve,high,good
test50_B041_SummariserAgent,B041,SummariserAgent,Decision: Approve | Confidence: high | Brief reason: The borrower demonstrates strong stability through owning property and,approve,high,good
test50_B041_WeakModelAgent,B041,WeakModelAgent,Decision: Approve | Confidence: high | Brief reason: The borrower demonstrates strong financial stability with owned housing and substantial savings.,approve,high,good
test50_B042_RouterManager,B042,RouterManager,Decision: Approve | Confidence: high | Brief reason: The borrower demonstrates strong financial stability due to owning a home and having substantial savings.,approve,high,good
test50_B042_IncomeAgent,B042,IncomeAgent,Decision: Approve | Confidence: high | Brief reason: The combination of stable employment and significant savings indicates strong repayment capacity.,approve,high,good
test50_B042_FraudAgent,B042,FraudAgent,"Decision: Approve | Confidence: high | Brief reason: The borrower exhibits strong financial stability, evidenced by owning housing and having significant savings for a non-essential purchase.",approve,high,good
test50_B042_CreditAgent,B042,CreditAgent,Decision: Approve | Confidence: high | Brief reason: The borrower demonstrates excellent financial stability with owned housing and substantial savings.,approve,high,good
test50_B042_ComplianceAgent,B042,ComplianceAgent,Decision: Approve | Confidence: high | Brief reason: The borrower demonstrates strong financial stability with owned housing and substantial savings.,approve,high,good
test50_B042_SummariserAgent,B042,SummariserAgent,"Decision: Approve, Confidence: high, Brief reason: The borrower demonstrates strong financial stability due to owned housing and substantial savings, making this loan request low risk.",approve,high,good
test50_B042_WeakModelAgent,B042,WeakModelAgent,Decision: Approve | Confidence: high | Brief reason: The strong savings and owned housing suggest reliable repayment ability.,approve,high,good
test50_B043_RouterManager,B043,RouterManager,Decision: Approve | Confidence: medium | Brief reason,approve,medium,good
test50_B043_IncomeAgent,B043,IncomeAgent,Decision: Reject | Confidence: high | Brief reason: Income verification is impossible due to the complete absence of required financial documentation.,reject,high,good
test50_B043_FraudAgent,B043,FraudAgent,"Decision: Refer | Confidence: medium | Brief reason: The profile lacks critical data points (cash flow, documents) needed for a definitive decision, requiring manual verification of repayment capacity due to low savings.",refer,medium,good
test50_B043_CreditAgent,B043,CreditAgent,"Decision: Approve. Confidence: high. Brief reason: The borrower shows strong signs of stability with owned housing and moderate cash flow, making repayment highly likely over 18 months.",approve,high,good
test50_B043_ComplianceAgent,B043,ComplianceAgent,Decision: Refer,refer,unknown,good
test50_B043_SummariserAgent,B043,SummariserAgent,Decision: Refer | Confidence,refer,unknown,good
test50_B043_WeakModelAgent,B043,WeakModelAgent,Decision: Refer | Confidence: medium | Brief reason: The low savings amount suggests potential financial instability that needs further review.,refer,medium,good
test50_B044_RouterManager,B044,RouterManager,Decision: Approve | Confidence: high | Brief reason: The moderate savings and relatively low loan amount suggest sufficient capacity to manage the debt over 30 months.,approve,high,good
test50_B044_IncomeAgent,B044,IncomeAgent,Decision: Reject | Confidence: high | Brief reason: Required income verification documents are missing to assess repayment capacity.,reject,high,good
test50_B044_FraudAgent,B044,FraudAgent,Decision: Refer | Confidence: medium | Brief reason: The profile shows mixed signals of limited liquid funds and housing instability requiring further documentation review.,refer,medium,good
test50_B044_CreditAgent,B044,CreditAgent,Decision: Refer | Confidence: medium | Brief reason: Further documentation regarding stable income and current debt obligations is needed to assess repayment capacity accurately.,refer,medium,good
test50_B044_ComplianceAgent,B044,ComplianceAgent,Decision: Refer | Confidence: low | Brief reason: Further documentation is needed to verify consistent and stable income sources.,refer,low,good
test50_B044_SummariserAgent,B044,SummariserAgent,Decision: Refer | Confidence: medium | Brief reason: Additional documentation regarding stable income and current debt obligations is required before a final decision can be made.,refer,medium,good
test50_B044_WeakModelAgent,B044,WeakModelAgent,Decision: Reject | Confidence: medium | Brief reason: The little amount in the checking account suggests insufficient liquidity for unexpected expenses.,reject,medium,good
test50_B045_RouterManager,B045,RouterManager,Decision: Approve. Confidence: medium. Brief reason: The borrower's stable job type and free housing significantly offset the risk posed by limited liquid assets.,approve,medium,bad
test50_B045_IncomeAgent,B045,IncomeAgent,Decision: Refer | Confidence: medium | Brief reason: Verification of current income levels and detailed expense tracking are needed before approval.,refer,medium,bad
test50_B045_FraudAgent,B045,FraudAgent,Decision: Refer | Confidence: high | Brief reason: The limited liquid assets relative to the loan size necessitate a manual investigation into the borrower's actual income and cash flow patterns.,refer,high,bad
test50_B045_CreditAgent,B045,CreditAgent,Decision: Refer | Confidence: medium | Brief reason: The lack of substantial savings or liquid funds raises significant concerns regarding the borrower's ability to manage unexpected,refer,medium,bad
test50_B045_ComplianceAgent,B045,ComplianceAgent,"I need to act as a Compliance Agent performing Stage 4 compliance review. | My goal is to check internal policy fit, KYC completeness, and regulatory readiness (RBI-style expectations) before determining if the application is safe to move toward a decision. | **Review Criteria Check:** | 1.  **Policy Fit/Risk Assessment:** | *   Borrower: Age 58 (Older demographic). | *   Gender: Female. | *   Job type: 1 (Assumed stable, but details are missing). | *   Housing: Free (Good stability indicator). ",approve,high,bad
test50_B045_SummariserAgent,B045,SummariserAgent,Decision: Refer | Confidence: medium | Brief reason: The application requires verifiable income details and a full credit report to assess repayment capacity accurately.,refer,medium,bad
test50_B045_WeakModelAgent,B045,WeakModelAgent,Decision: Refer | Confidence: medium | Brief reason: The low savings and checking account balances suggest insufficient liquidity for this loan amount.,refer,medium,bad
test50_B046_RouterManager,B046,RouterManager,"Decision: Refer | Confidence: high | Brief reason: Critical financial details, such as checking account status and savings depth, require further verification before a final decision can be made.",refer,high,good
test50_B046_IncomeAgent,B046,IncomeAgent,ERROR: 400 Client Error: Bad Request for url: http://127.0.0.1:1234/v1/chat/completions,unknown,unknown,good
test50_B046_FraudAgent,B046,FraudAgent,ERROR: 400 Client Error: Bad Request for url: http://127.0.0.1:1234/v1/chat/completions,unknown,unknown,good
test50_B046_CreditAgent,B046,CreditAgent,Decision: Refer | Confidence: high | Brief reason: The unknown checking account details prevent a proper assessment of the borrower's current cash flow and repayment ability.,refer,high,good
test50_B046_ComplianceAgent,B046,ComplianceAgent,Decision: Refer | Confidence: low | Brief reason: The lack of verifiable checking account details and limited savings require further documentation review.,refer,low,good
test50_B046_SummariserAgent,B046,SummariserAgent,ERROR: 400 Client Error: Bad Request for url: http://127.0.0.1:1234/v1/chat/completions,unknown,unknown,good
test50_B046_WeakModelAgent,B046,WeakModelAgent,Decision,unknown,unknown,good
test50_B047_RouterManager,B047,RouterManager,Decision: Approve | Confidence: high | Brief reason: The borrower demonstrates strong financial stability through owning a home and having significant savings.,approve,high,good
test50_B047_IncomeAgent,B047,IncomeAgent,Decision: Reject | Confidence: high | Brief reason: No income verification documents were provided for assessment.,reject,high,good
test50_B047_FraudAgent,B047,FraudAgent,Decision: Refer | Confidence: medium | Brief reason: Further verification of the checking account details is required before a decision can be made.,refer,medium,good
test50_B047_CreditAgent,B047,CreditAgent,Decision: Approve | Confidence: high | Brief reason: The borrower demonstrates strong financial stability through owned housing and substantial,approve,high,good
test50_B047_ComplianceAgent,B047,ComplianceAgent,Decision: Approve | Confidence: high | Brief reason: The borrower demonstrates strong financial stability through,approve,high,good
test50_B047_SummariserAgent,B047,SummariserAgent,Decision: Approve | Confidence: high | Brief reason: The borrower demonstrates strong financial stability due to owning housing and having substantial savings.,approve,high,good
test50_B047_WeakModelAgent,B047,WeakModelAgent,,unknown,unknown,good
test50_B048_RouterManager,B048,RouterManager,"Decision: Approve | Confidence: high | Brief reason: The strong savings cushion significantly mitigates the risk for this small, short-term loan amount.",approve,high,good
test50_B048_IncomeAgent,B048,IncomeAgent,,unknown,unknown,good
test50_B048_FraudAgent,B048,FraudAgent,Decision: Refer | Confidence: medium | Brief reason: The unknown job type and low checking balance require further verification of financial stability.,refer,medium,good
test50_B048_CreditAgent,B048,CreditAgent,Decision: Refer | Confidence: medium | Brief reason: The unknown job status and low checking balance require verification of stable income sources,refer,medium,good
test50_B048_ComplianceAgent,B048,ComplianceAgent,"I need to act as a Compliance Agent performing Stage 4 compliance review. | My goal is to check internal policy fit, KYC completeness, and regulatory readiness (RBI-style expectations) before determining if the application is safe to move toward a decision. | **Review Criteria Check:** | 1.  **Policy Rules/Internal Fit:** | *   Borrower: Age 23, female. | *   Job type: 0 (Needs clarification, but assuming it's acceptable or low risk). | *   Housing: Rent (Standard). | *   Savings: Quite rich (Po",approve,low,good
test50_B048_SummariserAgent,B048,SummariserAgent,Decision: Approve,approve,unknown,good
test50_B048_WeakModelAgent,B048,WeakModelAgent,Decision: Refer | Confidence: medium | Brief reason: Further investigation is needed regarding job stability and current liquid funds.,refer,medium,good
test50_B049_RouterManager,B049,RouterManager,Decision: Refer | Confidence: medium | Brief reason: Further review is required to assess liquid assets and confirm income stability before a final decision can be made.,refer,medium,good
test50_B049_IncomeAgent,B049,IncomeAgent,Decision: Refer | Confidence: low | Brief reason,refer,low,good
test50_B049_FraudAgent,B049,FraudAgent,Decision: Refer | Confidence: medium | Brief reason: The unknown checking account details prevent adequate verification of financial stability.,refer,medium,good
test50_B049_CreditAgent,B049,CreditAgent,Decision: Refer | Confidence: medium | Brief reason: The application requires verification of stable income and detailed financial records before a final decision can be made.,refer,medium,good
test50_B049_ComplianceAgent,B049,ComplianceAgent,Decision: Refer | Confidence: medium | Brief reason: Further documentation is required to verify income and account status before a decision can be made.,refer,medium,good
test50_B049_SummariserAgent,B049,SummariserAgent,Decision: Refer | Confidence: medium | Brief reason: More information is needed regarding current income stability and cash flow visibility.,refer,medium,good
test50_B049_WeakModelAgent,B049,WeakModelAgent,Decision: Reject | Confidence: medium | Brief reason: The lack of sufficient savings combined with unknown banking details presents too much risk for approval.,reject,medium,good
test50_B050_RouterManager,B050,RouterManager,Decision: Approve | Confidence: high | Brief reason: The borrower demonstrates strong financial stability through homeownership and moderate savings for a low-risk purpose.,approve,high,good
test50_B050_IncomeAgent,B050,IncomeAgent,Decision: Reject | Confidence: high | Brief reason,reject,high,good
test50_B050_FraudAgent,B050,FraudAgent,"I need to act as a Fraud Agent specializing in Stage 2 fraud review. My goal is to detect suspicious patterns, forged evidence, identity mismatch, or tampered records based on the provided loan application profile. | The available information is: | Borrower profile: Age 28, female, Job type 2, Housing=own, Savings=moderate, Checking account=unknown, Credit amount=2073 DM, Duration=12 months, Purpose=radio/TV. | I must analyze this data for red flags related to fraud or suspicious activity. | 1. ",approve,high,good
test50_B050_CreditAgent,B050,CreditAgent,"Decision: Approve | Confidence: high | Brief reason: The applicant shows strong signs of financial stability, including owning housing and requesting funds for a low-risk discretionary purpose.",approve,high,good
test50_B050_ComplianceAgent,B050,ComplianceAgent,Decision: Approve | Confidence: medium | Brief reason: The borrower demonstrates strong financial stability with owned housing and moderate savings for a low-risk purpose.,approve,medium,good
test50_B050_SummariserAgent,B050,SummariserAgent,Decision: Approve | Confidence: high | Brief reason: The borrower demonstrates strong stability signals through homeownership and moderate savings for a low-risk purpose loan.,approve,high,good
test50_B050_WeakModelAgent,B050,WeakModelAgent,Decision: Approve | Confidence: medium | Brief reason: The borrower shows good stability with owned housing and steady employment history.,approve,medium,good
