timestamp,borrower_id,row_index,kaggle_truth_label,expected_decision,router_decision,router_correct,router_risk_safe_correct,precommit_disagreement,final_disagreement,position_change_count,borda_winner,borda_scores,borda_correct,borda_risk_safe_correct,consens_winner,consens_scores,consens_correct,consens_risk_safe_correct,sycophancy_flag_count,redundancy_index_raw,redundancy_index_lce_estimated,duplicate_pairs,lce_leader,credit_manager_winner,credit_manager_scores,compliance_manager_winner,compliance_manager_scores,hierarchy_final,hierarchy_scores,hierarchy_correct,hierarchy_risk_safe_correct,RouterManager_final_decision,IncomeAgent_final_decision,FraudAgent_final_decision,CreditAgent_final_decision,ComplianceAgent_final_decision,SummariserAgent_final_decision,WeakModelAgent_final_decision
2026-05-13T17:39:28,B001,0,good,approve,approve,True,True,True,True,1,approve,"{""approve"": 13, ""refer"": 8, ""reject"": 0}",True,True,approve,"{""approve"": 0.8762, ""refer"": 0.6286, ""reject"": 0.0}",True,True,0,1.1429,0.6429,8.0,RouterManager,approve,"{""approve"": 5, ""refer"": 4, ""reject"": 0}",approve,"{""approve"": 5, ""refer"": 4, ""reject"": 0}",approve,"{""approve"": 6, ""refer"": 3, ""reject"": 0}",True,True,approve,approve,refer,approve,approve,approve,approve
2026-05-13T17:46:57,B002,1,bad,reject,refer,False,True,True,False,2,refer,"{""approve"": 7, ""refer"": 14, ""reject"": 0}",False,True,refer,"{""approve"": 0.0, ""refer"": 0.7429, ""reject"": 0.0}",False,True,1,1.7143,1.2143,12.0,RouterManager,refer,"{""approve"": 3, ""refer"": 6, ""reject"": 0}",refer,"{""approve"": 3, ""refer"": 6, ""reject"": 0}",refer,"{""approve"": 3, ""refer"": 6, ""reject"": 0}",False,True,refer,refer,refer,refer,refer,refer,refer
2026-05-13T17:53:59,B003,2,good,approve,approve,True,True,False,False,0,approve,"{""approve"": 14, ""refer"": 7, ""reject"": 0}",True,True,approve,"{""approve"": 1.1429, ""refer"": 0.0, ""reject"": 0.0}",True,True,0,2.4286,1.9286,17.0,RouterManager,approve,"{""approve"": 6, ""refer"": 3, ""reject"": 0}",approve,"{""approve"": 6, ""refer"": 3, ""reject"": 0}",approve,"{""approve"": 6, ""refer"": 3, ""reject"": 0}",True,True,approve,approve,approve,approve,approve,approve,approve
2026-05-13T18:03:27,B004,3,good,approve,approve,True,True,True,False,3,refer,"{""approve"": 7, ""refer"": 14, ""reject"": 0}",False,False,refer,"{""approve"": 0.0, ""refer"": 0.7143, ""reject"": 0.0}",False,False,0,1.2857,0.7857,9.0,RouterManager,refer,"{""approve"": 3, ""refer"": 6, ""reject"": 0}",refer,"{""approve"": 3, ""refer"": 6, ""reject"": 0}",refer,"{""approve"": 3, ""refer"": 6, ""reject"": 0}",False,False,refer,refer,refer,refer,refer,refer,refer
2026-05-13T18:11:45,B005,4,bad,reject,refer,False,True,True,True,4,refer,"{""approve"": 8, ""refer"": 13, ""reject"": 0}",False,True,refer,"{""approve"": 0.6286, ""refer"": 0.6571, ""reject"": 0.0}",False,True,0,0.5714,0.0714,4.0,RouterManager,refer,"{""approve"": 4, ""refer"": 5, ""reject"": 0}",refer,"{""approve"": 3, ""refer"": 6, ""reject"": 0}",refer,"{""approve"": 3, ""refer"": 6, ""reject"": 0}",False,True,refer,approve,refer,refer,refer,refer,refer
2026-05-13T18:19:30,B006,5,good,approve,refer,False,False,True,True,1,approve,"{""approve"": 13, ""refer"": 8, ""reject"": 0}",True,True,approve,"{""approve"": 1.1429, ""refer"": 1.0286, ""reject"": 0.0}",True,True,0,1.0,0.5,7.0,RouterManager,approve,"{""approve"": 5, ""refer"": 4, ""reject"": 0}",approve,"{""approve"": 6, ""refer"": 3, ""reject"": 0}",approve,"{""approve"": 6, ""refer"": 3, ""reject"": 0}",True,True,approve,refer,approve,approve,approve,approve,approve
2026-05-13T18:25:36,B007,6,good,approve,approve,True,True,False,False,0,approve,"{""approve"": 14, ""refer"": 7, ""reject"": 0}",True,True,approve,"{""approve"": 1.2, ""refer"": 0.0, ""reject"": 0.0}",True,True,0,3.0,2.5,21.0,RouterManager,approve,"{""approve"": 6, ""refer"": 3, ""reject"": 0}",approve,"{""approve"": 6, ""refer"": 3, ""reject"": 0}",approve,"{""approve"": 6, ""refer"": 3, ""reject"": 0}",True,True,approve,approve,approve,approve,approve,approve,approve
2026-05-13T18:32:51,B008,7,good,approve,approve,True,True,True,False,3,refer,"{""approve"": 7, ""refer"": 14, ""reject"": 0}",False,False,refer,"{""approve"": 0.0, ""refer"": 0.7143, ""reject"": 0.0}",False,False,2,1.8571,1.3571,13.0,RouterManager,refer,"{""approve"": 3, ""refer"": 6, ""reject"": 0}",refer,"{""approve"": 3, ""refer"": 6, ""reject"": 0}",refer,"{""approve"": 3, ""refer"": 6, ""reject"": 0}",False,False,refer,refer,refer,refer,refer,refer,refer
2026-05-13T18:38:56,B009,8,good,approve,approve,True,True,False,False,0,approve,"{""approve"": 14, ""refer"": 7, ""reject"": 0}",True,True,approve,"{""approve"": 1.2, ""refer"": 0.0, ""reject"": 0.0}",True,True,0,2.2857,1.7857,16.0,RouterManager,approve,"{""approve"": 6, ""refer"": 3, ""reject"": 0}",approve,"{""approve"": 6, ""refer"": 3, ""reject"": 0}",approve,"{""approve"": 6, ""refer"": 3, ""reject"": 0}",True,True,approve,approve,approve,approve,approve,approve,approve
2026-05-13T18:45:44,B010,9,bad,reject,approve,False,False,False,False,0,approve,"{""approve"": 14, ""refer"": 7, ""reject"": 0}",False,False,approve,"{""approve"": 1.2, ""refer"": 0.0, ""reject"": 0.0}",False,False,0,2.1429,1.6429,15.0,RouterManager,approve,"{""approve"": 6, ""refer"": 3, ""reject"": 0}",approve,"{""approve"": 6, ""refer"": 3, ""reject"": 0}",approve,"{""approve"": 6, ""refer"": 3, ""reject"": 0}",False,False,approve,approve,approve,approve,approve,approve,approve
2026-05-13T18:53:23,B011,10,bad,reject,approve,False,False,True,False,1,approve,"{""approve"": 14, ""refer"": 7, ""reject"": 0}",False,False,approve,"{""approve"": 1.0571, ""refer"": 0.0, ""reject"": 0.0}",False,False,0,1.4286,0.9286,10.0,RouterManager,approve,"{""approve"": 6, ""refer"": 3, ""reject"": 0}",approve,"{""approve"": 6, ""refer"": 3, ""reject"": 0}",approve,"{""approve"": 6, ""refer"": 3, ""reject"": 0}",False,False,approve,approve,approve,approve,approve,approve,approve
2026-05-13T20:43:20,B012,11,bad,reject,refer,False,True,True,False,1,refer,"{""approve"": 7, ""refer"": 14, ""reject"": 0}",False,True,refer,"{""approve"": 0.0, ""refer"": 1.0, ""reject"": 0.0}",False,True,1,2.1429,1.6429,15.0,RouterManager,refer,"{""approve"": 3, ""refer"": 6, ""reject"": 0}",refer,"{""approve"": 3, ""refer"": 6, ""reject"": 0}",refer,"{""approve"": 3, ""refer"": 6, ""reject"": 0}",False,True,refer,refer,refer,refer,refer,refer,refer
2026-05-13T20:53:31,B013,12,good,approve,approve,True,True,True,False,1,approve,"{""approve"": 14, ""refer"": 7, ""reject"": 0}",True,True,approve,"{""approve"": 1.1714, ""refer"": 0.0, ""reject"": 0.0}",True,True,0,2.0,1.5,14.0,RouterManager,approve,"{""approve"": 6, ""refer"": 3, ""reject"": 0}",approve,"{""approve"": 6, ""refer"": 3, ""reject"": 0}",approve,"{""approve"": 6, ""refer"": 3, ""reject"": 0}",True,True,approve,approve,approve,approve,approve,approve,approve
2026-05-13T21:02:09,B014,13,bad,reject,approve,False,False,False,False,0,approve,"{""approve"": 14, ""refer"": 7, ""reject"": 0}",False,False,approve,"{""approve"": 1.2, ""refer"": 0.0, ""reject"": 0.0}",False,False,0,1.8571,1.3571,13.0,RouterManager,approve,"{""approve"": 6, ""refer"": 3, ""reject"": 0}",approve,"{""approve"": 6, ""refer"": 3, ""reject"": 0}",approve,"{""approve"": 6, ""refer"": 3, ""reject"": 0}",False,False,approve,approve,approve,approve,approve,approve,approve
2026-05-13T21:42:42,B015,14,good,approve,refer,False,False,True,False,3,refer,"{""approve"": 7, ""refer"": 14, ""reject"": 0}",False,False,refer,"{""approve"": 0.0, ""refer"": 0.8857, ""reject"": 0.0}",False,False,0,1.0,0.5,7.0,RouterManager,refer,"{""approve"": 3, ""refer"": 6, ""reject"": 0}",refer,"{""approve"": 3, ""refer"": 6, ""reject"": 0}",refer,"{""approve"": 3, ""refer"": 6, ""reject"": 0}",False,False,refer,refer,refer,refer,refer,refer,refer
2026-05-13T21:49:56,B016,15,bad,reject,approve,False,False,False,False,0,approve,"{""approve"": 14, ""refer"": 7, ""reject"": 0}",False,False,approve,"{""approve"": 1.2, ""refer"": 0.0, ""reject"": 0.0}",False,False,0,1.4286,0.9286,10.0,RouterManager,approve,"{""approve"": 6, ""refer"": 3, ""reject"": 0}",approve,"{""approve"": 6, ""refer"": 3, ""reject"": 0}",approve,"{""approve"": 6, ""refer"": 3, ""reject"": 0}",False,False,approve,approve,approve,approve,approve,approve,approve
2026-05-13T21:57:55,B017,16,good,approve,approve,True,True,False,False,0,approve,"{""approve"": 14, ""refer"": 7, ""reject"": 0}",True,True,approve,"{""approve"": 1.2, ""refer"": 0.0, ""reject"": 0.0}",True,True,0,1.7143,1.2143,12.0,RouterManager,approve,"{""approve"": 6, ""refer"": 3, ""reject"": 0}",approve,"{""approve"": 6, ""refer"": 3, ""reject"": 0}",approve,"{""approve"": 6, ""refer"": 3, ""reject"": 0}",True,True,approve,approve,approve,approve,approve,approve,approve
2026-05-13T22:08:10,B018,17,good,approve,refer,False,False,True,False,2,refer,"{""approve"": 7, ""refer"": 14, ""reject"": 0}",False,False,refer,"{""approve"": 0.0, ""refer"": 0.7429, ""reject"": 0.0}",False,False,1,2.7143,2.2143,19.0,RouterManager,refer,"{""approve"": 3, ""refer"": 6, ""reject"": 0}",refer,"{""approve"": 3, ""refer"": 6, ""reject"": 0}",refer,"{""approve"": 3, ""refer"": 6, ""reject"": 0}",False,False,refer,refer,refer,refer,refer,refer,refer
2026-05-13T22:21:21,B019,18,bad,reject,refer,False,True,True,False,3,refer,"{""approve"": 7, ""refer"": 14, ""reject"": 0}",False,True,refer,"{""approve"": 0.0, ""refer"": 0.7714, ""reject"": 0.0}",False,True,2,2.4286,1.9286,17.0,FraudAgent,refer,"{""approve"": 3, ""refer"": 6, ""reject"": 0}",refer,"{""approve"": 3, ""refer"": 6, ""reject"": 0}",refer,"{""approve"": 3, ""refer"": 6, ""reject"": 0}",False,True,refer,refer,refer,refer,refer,refer,refer
2026-05-13T22:29:06,B020,19,good,approve,approve,True,True,False,False,0,approve,"{""approve"": 14, ""refer"": 7, ""reject"": 0}",True,True,approve,"{""approve"": 1.2, ""refer"": 0.0, ""reject"": 0.0}",True,True,0,2.2857,1.7857,16.0,RouterManager,approve,"{""approve"": 6, ""refer"": 3, ""reject"": 0}",approve,"{""approve"": 6, ""refer"": 3, ""reject"": 0}",approve,"{""approve"": 6, ""refer"": 3, ""reject"": 0}",True,True,approve,approve,approve,approve,approve,approve,approve
2026-05-13T22:37:55,B021,20,good,approve,approve,True,True,False,False,0,approve,"{""approve"": 14, ""refer"": 7, ""reject"": 0}",True,True,approve,"{""approve"": 1.0857, ""refer"": 0.0, ""reject"": 0.0}",True,True,0,1.4286,0.9286,10.0,RouterManager,approve,"{""approve"": 6, ""refer"": 3, ""reject"": 0}",approve,"{""approve"": 6, ""refer"": 3, ""reject"": 0}",approve,"{""approve"": 6, ""refer"": 3, ""reject"": 0}",True,True,approve,approve,approve,approve,approve,approve,approve
2026-05-13T22:45:51,B022,21,good,approve,approve,True,True,False,False,0,approve,"{""approve"": 14, ""refer"": 7, ""reject"": 0}",True,True,approve,"{""approve"": 1.2, ""refer"": 0.0, ""reject"": 0.0}",True,True,0,2.7143,2.2143,19.0,RouterManager,approve,"{""approve"": 6, ""refer"": 3, ""reject"": 0}",approve,"{""approve"": 6, ""refer"": 3, ""reject"": 0}",approve,"{""approve"": 6, ""refer"": 3, ""reject"": 0}",True,True,approve,approve,approve,approve,approve,approve,approve
2026-05-13T22:55:52,B023,22,good,approve,refer,False,False,True,False,3,refer,"{""approve"": 7, ""refer"": 14, ""reject"": 0}",False,False,refer,"{""approve"": 0.0, ""refer"": 0.7143, ""reject"": 0.0}",False,False,1,1.1429,0.6429,8.0,RouterManager,refer,"{""approve"": 3, ""refer"": 6, ""reject"": 0}",refer,"{""approve"": 3, ""refer"": 6, ""reject"": 0}",refer,"{""approve"": 3, ""refer"": 6, ""reject"": 0}",False,False,refer,refer,refer,refer,refer,refer,refer
2026-05-13T23:03:47,B024,23,good,approve,approve,True,True,False,False,0,approve,"{""approve"": 14, ""refer"": 7, ""reject"": 0}",True,True,approve,"{""approve"": 1.2, ""refer"": 0.0, ""reject"": 0.0}",True,True,0,2.8571,2.3571,20.0,RouterManager,approve,"{""approve"": 6, ""refer"": 3, ""reject"": 0}",approve,"{""approve"": 6, ""refer"": 3, ""reject"": 0}",approve,"{""approve"": 6, ""refer"": 3, ""reject"": 0}",True,True,approve,approve,approve,approve,approve,approve,approve
2026-05-13T23:11:30,B025,24,good,approve,approve,True,True,False,False,0,approve,"{""approve"": 14, ""refer"": 7, ""reject"": 0}",True,True,approve,"{""approve"": 1.2, ""refer"": 0.0, ""reject"": 0.0}",True,True,0,1.2857,0.7857,9.0,RouterManager,approve,"{""approve"": 6, ""refer"": 3, ""reject"": 0}",approve,"{""approve"": 6, ""refer"": 3, ""reject"": 0}",approve,"{""approve"": 6, ""refer"": 3, ""reject"": 0}",True,True,approve,approve,approve,approve,approve,approve,approve
2026-05-13T23:18:55,B026,25,good,approve,approve,True,True,False,False,0,approve,"{""approve"": 14, ""refer"": 7, ""reject"": 0}",True,True,approve,"{""approve"": 1.2, ""refer"": 0.0, ""reject"": 0.0}",True,True,0,3.0,2.5,21.0,RouterManager,approve,"{""approve"": 6, ""refer"": 3, ""reject"": 0}",approve,"{""approve"": 6, ""refer"": 3, ""reject"": 0}",approve,"{""approve"": 6, ""refer"": 3, ""reject"": 0}",True,True,approve,approve,approve,approve,approve,approve,approve
2026-05-13T23:26:26,B027,26,good,approve,approve,True,True,False,False,0,approve,"{""approve"": 14, ""refer"": 7, ""reject"": 0}",True,True,approve,"{""approve"": 1.2, ""refer"": 0.0, ""reject"": 0.0}",True,True,0,1.7143,1.2143,12.0,RouterManager,approve,"{""approve"": 6, ""refer"": 3, ""reject"": 0}",approve,"{""approve"": 6, ""refer"": 3, ""reject"": 0}",approve,"{""approve"": 6, ""refer"": 3, ""reject"": 0}",True,True,approve,approve,approve,approve,approve,approve,approve
2026-05-13T23:33:20,B028,27,good,approve,approve,True,True,False,False,0,approve,"{""approve"": 14, ""refer"": 7, ""reject"": 0}",True,True,approve,"{""approve"": 1.2, ""refer"": 0.0, ""reject"": 0.0}",True,True,0,1.4286,0.9286,10.0,RouterManager,approve,"{""approve"": 6, ""refer"": 3, ""reject"": 0}",approve,"{""approve"": 6, ""refer"": 3, ""reject"": 0}",approve,"{""approve"": 6, ""refer"": 3, ""reject"": 0}",True,True,approve,approve,approve,approve,approve,approve,approve
2026-05-13T23:40:58,B029,28,good,approve,approve,True,True,False,False,0,approve,"{""approve"": 14, ""refer"": 7, ""reject"": 0}",True,True,approve,"{""approve"": 1.2, ""refer"": 0.0, ""reject"": 0.0}",True,True,0,2.4286,1.9286,17.0,RouterManager,approve,"{""approve"": 6, ""refer"": 3, ""reject"": 0}",approve,"{""approve"": 6, ""refer"": 3, ""reject"": 0}",approve,"{""approve"": 6, ""refer"": 3, ""reject"": 0}",True,True,approve,approve,approve,approve,approve,approve,approve
2026-05-13T23:50:38,B030,29,bad,reject,refer,False,True,True,False,2,refer,"{""approve"": 7, ""refer"": 14, ""reject"": 0}",False,True,refer,"{""approve"": 0.0, ""refer"": 0.9714, ""reject"": 0.0}",False,True,0,3.0,2.5,21.0,RouterManager,refer,"{""approve"": 3, ""refer"": 6, ""reject"": 0}",refer,"{""approve"": 3, ""refer"": 6, ""reject"": 0}",refer,"{""approve"": 3, ""refer"": 6, ""reject"": 0}",False,True,refer,refer,refer,refer,refer,refer,refer
2026-05-13T23:57:48,B031,30,good,approve,approve,True,True,False,False,0,approve,"{""approve"": 14, ""refer"": 7, ""reject"": 0}",True,True,approve,"{""approve"": 1.2, ""refer"": 0.0, ""reject"": 0.0}",True,True,0,2.1429,1.6429,15.0,RouterManager,approve,"{""approve"": 6, ""refer"": 3, ""reject"": 0}",approve,"{""approve"": 6, ""refer"": 3, ""reject"": 0}",approve,"{""approve"": 6, ""refer"": 3, ""reject"": 0}",True,True,approve,approve,approve,approve,approve,approve,approve
2026-05-14T00:08:16,B032,31,good,approve,approve,True,True,True,False,1,approve,"{""approve"": 14, ""refer"": 7, ""reject"": 0}",True,True,approve,"{""approve"": 0.9429, ""refer"": 0.0, ""reject"": 0.0}",True,True,1,1.5714,1.0714,11.0,FraudAgent,approve,"{""approve"": 6, ""refer"": 3, ""reject"": 0}",approve,"{""approve"": 6, ""refer"": 3, ""reject"": 0}",approve,"{""approve"": 6, ""refer"": 3, ""reject"": 0}",True,True,approve,approve,approve,approve,approve,approve,approve
2026-05-14T00:15:34,B033,32,good,approve,approve,True,True,False,False,0,approve,"{""approve"": 14, ""refer"": 7, ""reject"": 0}",True,True,approve,"{""approve"": 1.2, ""refer"": 0.0, ""reject"": 0.0}",True,True,0,1.7143,1.2143,12.0,RouterManager,approve,"{""approve"": 6, ""refer"": 3, ""reject"": 0}",approve,"{""approve"": 6, ""refer"": 3, ""reject"": 0}",approve,"{""approve"": 6, ""refer"": 3, ""reject"": 0}",True,True,approve,approve,approve,approve,approve,approve,approve
2026-05-14T00:25:07,B034,33,good,approve,refer,False,False,True,False,3,refer,"{""approve"": 7, ""refer"": 14, ""reject"": 0}",False,False,refer,"{""approve"": 0.0, ""refer"": 0.8857, ""reject"": 0.0}",False,False,0,2.2857,1.7857,16.0,IncomeAgent,refer,"{""approve"": 3, ""refer"": 6, ""reject"": 0}",refer,"{""approve"": 3, ""refer"": 6, ""reject"": 0}",refer,"{""approve"": 3, ""refer"": 6, ""reject"": 0}",False,False,refer,refer,refer,refer,refer,refer,refer
2026-05-14T00:32:25,B035,34,good,approve,approve,True,True,False,False,0,approve,"{""approve"": 14, ""refer"": 7, ""reject"": 0}",True,True,approve,"{""approve"": 1.2, ""refer"": 0.0, ""reject"": 0.0}",True,True,0,2.4286,1.9286,17.0,RouterManager,approve,"{""approve"": 6, ""refer"": 3, ""reject"": 0}",approve,"{""approve"": 6, ""refer"": 3, ""reject"": 0}",approve,"{""approve"": 6, ""refer"": 3, ""reject"": 0}",True,True,approve,approve,approve,approve,approve,approve,approve
2026-05-14T00:39:43,B036,35,bad,reject,approve,False,False,False,False,0,approve,"{""approve"": 14, ""refer"": 7, ""reject"": 0}",False,False,approve,"{""approve"": 1.0857, ""refer"": 0.0, ""reject"": 0.0}",False,False,0,2.1429,1.6429,15.0,RouterManager,approve,"{""approve"": 6, ""refer"": 3, ""reject"": 0}",approve,"{""approve"": 6, ""refer"": 3, ""reject"": 0}",approve,"{""approve"": 6, ""refer"": 3, ""reject"": 0}",False,False,approve,approve,approve,approve,approve,approve,approve
2026-05-14T00:47:46,B037,36,good,approve,approve,True,True,False,False,0,approve,"{""approve"": 14, ""refer"": 7, ""reject"": 0}",True,True,approve,"{""approve"": 0.9143, ""refer"": 0.0, ""reject"": 0.0}",True,True,0,3.0,2.5,21.0,FraudAgent,approve,"{""approve"": 6, ""refer"": 3, ""reject"": 0}",approve,"{""approve"": 6, ""refer"": 3, ""reject"": 0}",approve,"{""approve"": 6, ""refer"": 3, ""reject"": 0}",True,True,approve,approve,approve,approve,approve,approve,approve
2026-05-14T00:55:25,B038,37,bad,reject,approve,False,False,False,False,0,approve,"{""approve"": 14, ""refer"": 7, ""reject"": 0}",False,False,approve,"{""approve"": 1.2, ""refer"": 0.0, ""reject"": 0.0}",False,False,0,2.4286,1.9286,17.0,RouterManager,approve,"{""approve"": 6, ""refer"": 3, ""reject"": 0}",approve,"{""approve"": 6, ""refer"": 3, ""reject"": 0}",approve,"{""approve"": 6, ""refer"": 3, ""reject"": 0}",False,False,approve,approve,approve,approve,approve,approve,approve
2026-05-14T01:02:11,B039,38,good,approve,approve,True,True,False,False,0,approve,"{""approve"": 14, ""refer"": 7, ""reject"": 0}",True,True,approve,"{""approve"": 1.2, ""refer"": 0.0, ""reject"": 0.0}",True,True,0,1.1429,0.6429,8.0,RouterManager,approve,"{""approve"": 6, ""refer"": 3, ""reject"": 0}",approve,"{""approve"": 6, ""refer"": 3, ""reject"": 0}",approve,"{""approve"": 6, ""refer"": 3, ""reject"": 0}",True,True,approve,approve,approve,approve,approve,approve,approve
2026-05-14T01:09:01,B040,39,good,approve,approve,True,True,False,False,0,approve,"{""approve"": 14, ""refer"": 7, ""reject"": 0}",True,True,approve,"{""approve"": 1.2, ""refer"": 0.0, ""reject"": 0.0}",True,True,0,2.7143,2.2143,19.0,RouterManager,approve,"{""approve"": 6, ""refer"": 3, ""reject"": 0}",approve,"{""approve"": 6, ""refer"": 3, ""reject"": 0}",approve,"{""approve"": 6, ""refer"": 3, ""reject"": 0}",True,True,approve,approve,approve,approve,approve,approve,approve
2026-05-14T01:15:39,B041,40,good,approve,approve,True,True,False,False,0,approve,"{""approve"": 14, ""refer"": 7, ""reject"": 0}",True,True,approve,"{""approve"": 1.2, ""refer"": 0.0, ""reject"": 0.0}",True,True,0,1.1429,0.6429,8.0,RouterManager,approve,"{""approve"": 6, ""refer"": 3, ""reject"": 0}",approve,"{""approve"": 6, ""refer"": 3, ""reject"": 0}",approve,"{""approve"": 6, ""refer"": 3, ""reject"": 0}",True,True,approve,approve,approve,approve,approve,approve,approve
2026-05-14T01:21:48,B042,41,good,approve,approve,True,True,False,False,0,approve,"{""approve"": 14, ""refer"": 7, ""reject"": 0}",True,True,approve,"{""approve"": 1.2, ""refer"": 0.0, ""reject"": 0.0}",True,True,0,2.1429,1.6429,15.0,RouterManager,approve,"{""approve"": 6, ""refer"": 3, ""reject"": 0}",approve,"{""approve"": 6, ""refer"": 3, ""reject"": 0}",approve,"{""approve"": 6, ""refer"": 3, ""reject"": 0}",True,True,approve,approve,approve,approve,approve,approve,approve
2026-05-14T01:29:18,B043,42,good,approve,approve,True,True,False,False,0,approve,"{""approve"": 14, ""refer"": 7, ""reject"": 0}",True,True,approve,"{""approve"": 1.2, ""refer"": 0.0, ""reject"": 0.0}",True,True,0,2.2857,1.7857,16.0,RouterManager,approve,"{""approve"": 6, ""refer"": 3, ""reject"": 0}",approve,"{""approve"": 6, ""refer"": 3, ""reject"": 0}",approve,"{""approve"": 6, ""refer"": 3, ""reject"": 0}",True,True,approve,approve,approve,approve,approve,approve,approve
2026-05-14T01:39:24,B044,43,good,approve,refer,False,False,True,False,4,refer,"{""approve"": 7, ""refer"": 14, ""reject"": 0}",False,False,refer,"{""approve"": 0.0, ""refer"": 0.6857, ""reject"": 0.0}",False,False,2,2.1429,1.6429,15.0,RouterManager,refer,"{""approve"": 3, ""refer"": 6, ""reject"": 0}",refer,"{""approve"": 3, ""refer"": 6, ""reject"": 0}",refer,"{""approve"": 3, ""refer"": 6, ""reject"": 0}",False,False,refer,refer,refer,refer,refer,refer,refer
2026-05-14T01:48:08,B045,44,bad,reject,refer,False,True,True,False,1,refer,"{""approve"": 7, ""refer"": 14, ""reject"": 0}",False,True,refer,"{""approve"": 0.0, ""refer"": 0.7714, ""reject"": 0.0}",False,True,0,1.1429,0.6429,8.0,RouterManager,refer,"{""approve"": 3, ""refer"": 6, ""reject"": 0}",refer,"{""approve"": 3, ""refer"": 6, ""reject"": 0}",refer,"{""approve"": 3, ""refer"": 6, ""reject"": 0}",False,True,refer,refer,refer,refer,refer,refer,refer
2026-05-14T01:56:23,B046,45,good,approve,approve,True,True,True,False,1,approve,"{""approve"": 14, ""refer"": 7, ""reject"": 0}",True,True,approve,"{""approve"": 1.1143, ""refer"": 0.0, ""reject"": 0.0}",True,True,0,0.4286,0.0,3.0,RouterManager,approve,"{""approve"": 6, ""refer"": 3, ""reject"": 0}",approve,"{""approve"": 6, ""refer"": 3, ""reject"": 0}",approve,"{""approve"": 6, ""refer"": 3, ""reject"": 0}",True,True,approve,approve,approve,approve,approve,approve,approve
2026-05-14T02:03:17,B047,46,good,approve,approve,True,True,False,False,0,approve,"{""approve"": 14, ""refer"": 7, ""reject"": 0}",True,True,approve,"{""approve"": 1.2, ""refer"": 0.0, ""reject"": 0.0}",True,True,0,2.1429,1.6429,15.0,RouterManager,approve,"{""approve"": 6, ""refer"": 3, ""reject"": 0}",approve,"{""approve"": 6, ""refer"": 3, ""reject"": 0}",approve,"{""approve"": 6, ""refer"": 3, ""reject"": 0}",True,True,approve,approve,approve,approve,approve,approve,approve
2026-05-14T02:10:25,B048,47,good,approve,approve,True,True,False,False,0,approve,"{""approve"": 14, ""refer"": 7, ""reject"": 0}",True,True,approve,"{""approve"": 1.2, ""refer"": 0.0, ""reject"": 0.0}",True,True,0,1.8571,1.3571,13.0,RouterManager,approve,"{""approve"": 6, ""refer"": 3, ""reject"": 0}",approve,"{""approve"": 6, ""refer"": 3, ""reject"": 0}",approve,"{""approve"": 6, ""refer"": 3, ""reject"": 0}",True,True,approve,approve,approve,approve,approve,approve,approve
2026-05-14T02:18:15,B049,48,good,approve,refer,False,False,True,False,1,approve,"{""approve"": 14, ""refer"": 7, ""reject"": 0}",True,True,approve,"{""approve"": 1.1714, ""refer"": 0.0, ""reject"": 0.0}",True,True,0,1.0,0.5,7.0,RouterManager,approve,"{""approve"": 6, ""refer"": 3, ""reject"": 0}",approve,"{""approve"": 6, ""refer"": 3, ""reject"": 0}",approve,"{""approve"": 6, ""refer"": 3, ""reject"": 0}",True,True,approve,approve,approve,approve,approve,approve,approve
2026-05-14T02:24:50,B050,49,good,approve,approve,True,True,False,False,0,approve,"{""approve"": 14, ""refer"": 7, ""reject"": 0}",True,True,approve,"{""approve"": 1.2, ""refer"": 0.0, ""reject"": 0.0}",True,True,0,3.0,2.5,21.0,RouterManager,approve,"{""approve"": 6, ""refer"": 3, ""reject"": 0}",approve,"{""approve"": 6, ""refer"": 3, ""reject"": 0}",approve,"{""approve"": 6, ""refer"": 3, ""reject"": 0}",True,True,approve,approve,approve,approve,approve,approve,approve
2026-05-14T02:31:54,B051,50,good,approve,approve,True,True,False,False,0,approve,"{""approve"": 14, ""refer"": 7, ""reject"": 0}",True,True,approve,"{""approve"": 1.2, ""refer"": 0.0, ""reject"": 0.0}",True,True,0,1.8571,1.3571,13.0,RouterManager,approve,"{""approve"": 6, ""refer"": 3, ""reject"": 0}",approve,"{""approve"": 6, ""refer"": 3, ""reject"": 0}",approve,"{""approve"": 6, ""refer"": 3, ""reject"": 0}",True,True,approve,approve,approve,approve,approve,approve,approve
2026-05-14T06:04:41,B052,51,good,approve,approve,True,True,True,False,1,approve,"{""approve"": 14, ""refer"": 7, ""reject"": 0}",True,True,approve,"{""approve"": 1.1143, ""refer"": 0.0, ""reject"": 0.0}",True,True,1,2.1429,1.6429,15.0,RouterManager,approve,"{""approve"": 6, ""refer"": 3, ""reject"": 0}",approve,"{""approve"": 6, ""refer"": 3, ""reject"": 0}",approve,"{""approve"": 6, ""refer"": 3, ""reject"": 0}",True,True,approve,approve,approve,approve,approve,approve,approve
2026-05-14T11:43:07,B053,52,good,approve,approve,True,True,False,False,0,approve,"{""approve"": 14, ""refer"": 7, ""reject"": 0}",True,True,approve,"{""approve"": 1.0857, ""refer"": 0.0, ""reject"": 0.0}",True,True,0,2.0,1.5,14.0,RouterManager,approve,"{""approve"": 6, ""refer"": 3, ""reject"": 0}",approve,"{""approve"": 6, ""refer"": 3, ""reject"": 0}",approve,"{""approve"": 6, ""refer"": 3, ""reject"": 0}",True,True,approve,approve,approve,approve,approve,approve,approve
2026-05-14T11:49:39,B054,53,good,approve,refer,False,False,True,False,1,approve,"{""approve"": 14, ""refer"": 7, ""reject"": 0}",True,True,approve,"{""approve"": 1.1714, ""refer"": 0.0, ""reject"": 0.0}",True,True,0,2.0,1.5,14.0,RouterManager,approve,"{""approve"": 6, ""refer"": 3, ""reject"": 0}",approve,"{""approve"": 6, ""refer"": 3, ""reject"": 0}",approve,"{""approve"": 6, ""refer"": 3, ""reject"": 0}",True,True,approve,approve,approve,approve,approve,approve,approve
2026-05-14T12:03:47,B055,54,bad,reject,approve,False,False,False,False,0,approve,"{""approve"": 14, ""refer"": 7, ""reject"": 0}",False,False,approve,"{""approve"": 1.0286, ""refer"": 0.0, ""reject"": 0.0}",False,False,0,1.4286,0.9286,10.0,RouterManager,approve,"{""approve"": 6, ""refer"": 3, ""reject"": 0}",approve,"{""approve"": 6, ""refer"": 3, ""reject"": 0}",approve,"{""approve"": 6, ""refer"": 3, ""reject"": 0}",False,False,approve,approve,approve,approve,approve,approve,approve
2026-05-14T12:09:26,B056,55,good,approve,approve,True,True,False,False,0,approve,"{""approve"": 14, ""refer"": 7, ""reject"": 0}",True,True,approve,"{""approve"": 1.2, ""refer"": 0.0, ""reject"": 0.0}",True,True,0,2.2857,1.7857,16.0,RouterManager,approve,"{""approve"": 6, ""refer"": 3, ""reject"": 0}",approve,"{""approve"": 6, ""refer"": 3, ""reject"": 0}",approve,"{""approve"": 6, ""refer"": 3, ""reject"": 0}",True,True,approve,approve,approve,approve,approve,approve,approve
2026-05-14T12:15:56,B057,56,bad,reject,approve,False,False,False,False,0,approve,"{""approve"": 14, ""refer"": 7, ""reject"": 0}",False,False,approve,"{""approve"": 1.2, ""refer"": 0.0, ""reject"": 0.0}",False,False,0,1.2857,0.7857,9.0,RouterManager,approve,"{""approve"": 6, ""refer"": 3, ""reject"": 0}",approve,"{""approve"": 6, ""refer"": 3, ""reject"": 0}",approve,"{""approve"": 6, ""refer"": 3, ""reject"": 0}",False,False,approve,approve,approve,approve,approve,approve,approve
2026-05-14T12:23:25,B058,57,good,approve,approve,True,True,True,False,1,approve,"{""approve"": 14, ""refer"": 7, ""reject"": 0}",True,True,approve,"{""approve"": 0.8857, ""refer"": 0.0, ""reject"": 0.0}",True,True,0,2.1429,1.6429,15.0,FraudAgent,approve,"{""approve"": 6, ""refer"": 3, ""reject"": 0}",approve,"{""approve"": 6, ""refer"": 3, ""reject"": 0}",approve,"{""approve"": 6, ""refer"": 3, ""reject"": 0}",True,True,approve,approve,approve,approve,approve,approve,approve
2026-05-14T12:29:55,B059,58,good,approve,approve,True,True,False,False,0,approve,"{""approve"": 14, ""refer"": 7, ""reject"": 0}",True,True,approve,"{""approve"": 1.2, ""refer"": 0.0, ""reject"": 0.0}",True,True,0,2.2857,1.7857,16.0,RouterManager,approve,"{""approve"": 6, ""refer"": 3, ""reject"": 0}",approve,"{""approve"": 6, ""refer"": 3, ""reject"": 0}",approve,"{""approve"": 6, ""refer"": 3, ""reject"": 0}",True,True,approve,approve,approve,approve,approve,approve,approve
2026-05-14T12:38:26,B060,59,bad,reject,refer,False,True,True,True,1,refer,"{""approve"": 6, ""refer"": 13, ""reject"": 2}",False,True,reject,"{""approve"": 0.0, ""refer"": 1.0095, ""reject"": 1.0286}",True,True,0,2.1429,1.6429,15.0,IncomeAgent,refer,"{""approve"": 3, ""refer"": 6, ""reject"": 0}",refer,"{""approve"": 3, ""refer"": 6, ""reject"": 0}",refer,"{""approve"": 3, ""refer"": 6, ""reject"": 0}",False,True,refer,refer,refer,refer,refer,reject,refer
2026-05-14T12:48:22,B061,60,good,approve,approve,True,True,False,False,0,approve,"{""approve"": 14, ""refer"": 7, ""reject"": 0}",True,True,approve,"{""approve"": 1.2, ""refer"": 0.0, ""reject"": 0.0}",True,True,0,2.0,1.5,14.0,RouterManager,approve,"{""approve"": 6, ""refer"": 3, ""reject"": 0}",approve,"{""approve"": 6, ""refer"": 3, ""reject"": 0}",approve,"{""approve"": 6, ""refer"": 3, ""reject"": 0}",True,True,approve,approve,approve,approve,approve,approve,approve
2026-05-14T12:54:45,B062,61,good,approve,approve,True,True,False,False,0,approve,"{""approve"": 14, ""refer"": 7, ""reject"": 0}",True,True,approve,"{""approve"": 1.2, ""refer"": 0.0, ""reject"": 0.0}",True,True,0,2.0,1.5,14.0,RouterManager,approve,"{""approve"": 6, ""refer"": 3, ""reject"": 0}",approve,"{""approve"": 6, ""refer"": 3, ""reject"": 0}",approve,"{""approve"": 6, ""refer"": 3, ""reject"": 0}",True,True,approve,approve,approve,approve,approve,approve,approve
2026-05-14T13:31:09,B063,62,bad,reject,refer,False,True,True,False,3,refer,"{""approve"": 7, ""refer"": 14, ""reject"": 0}",False,True,refer,"{""approve"": 0.0, ""refer"": 0.8286, ""reject"": 0.0}",False,True,0,1.7143,1.2143,12.0,FraudAgent,refer,"{""approve"": 3, ""refer"": 6, ""reject"": 0}",refer,"{""approve"": 3, ""refer"": 6, ""reject"": 0}",refer,"{""approve"": 3, ""refer"": 6, ""reject"": 0}",False,True,refer,refer,refer,refer,refer,refer,refer
2026-05-14T13:38:12,B064,63,bad,reject,refer,False,True,True,False,1,refer,"{""approve"": 7, ""refer"": 14, ""reject"": 0}",False,True,refer,"{""approve"": 0.0, ""refer"": 0.9429, ""reject"": 0.0}",False,True,1,2.5714,2.0714,18.0,RouterManager,refer,"{""approve"": 3, ""refer"": 6, ""reject"": 0}",refer,"{""approve"": 3, ""refer"": 6, ""reject"": 0}",refer,"{""approve"": 3, ""refer"": 6, ""reject"": 0}",False,True,refer,refer,refer,refer,refer,refer,refer
2026-05-14T13:48:16,B065,64,good,approve,approve,True,True,True,True,3,refer,"{""approve"": 10, ""refer"": 11, ""reject"": 0}",False,False,approve,"{""approve"": 0.819, ""refer"": 0.6286, ""reject"": 0.0}",True,True,0,1.2857,0.7857,9.0,FraudAgent,approve,"{""approve"": 5, ""refer"": 4, ""reject"": 0}",approve,"{""approve"": 5, ""refer"": 4, ""reject"": 0}",approve,"{""approve"": 5, ""refer"": 4, ""reject"": 0}",True,True,refer,refer,approve,approve,refer,refer,approve
2026-05-14T13:55:25,B066,65,good,approve,approve,True,True,False,False,0,approve,"{""approve"": 14, ""refer"": 7, ""reject"": 0}",True,True,approve,"{""approve"": 1.2, ""refer"": 0.0, ""reject"": 0.0}",True,True,0,1.4286,0.9286,10.0,RouterManager,approve,"{""approve"": 6, ""refer"": 3, ""reject"": 0}",approve,"{""approve"": 6, ""refer"": 3, ""reject"": 0}",approve,"{""approve"": 6, ""refer"": 3, ""reject"": 0}",True,True,approve,approve,approve,approve,approve,approve,approve
2026-05-14T14:02:37,B067,66,good,approve,approve,True,True,False,False,0,approve,"{""approve"": 14, ""refer"": 7, ""reject"": 0}",True,True,approve,"{""approve"": 1.0857, ""refer"": 0.0, ""reject"": 0.0}",True,True,0,1.5714,1.0714,11.0,RouterManager,approve,"{""approve"": 6, ""refer"": 3, ""reject"": 0}",approve,"{""approve"": 6, ""refer"": 3, ""reject"": 0}",approve,"{""approve"": 6, ""refer"": 3, ""reject"": 0}",True,True,approve,approve,approve,approve,approve,approve,approve
2026-05-14T14:08:39,B068,67,good,approve,approve,True,True,False,False,0,approve,"{""approve"": 14, ""refer"": 7, ""reject"": 0}",True,True,approve,"{""approve"": 1.2, ""refer"": 0.0, ""reject"": 0.0}",True,True,0,2.2857,1.7857,16.0,RouterManager,approve,"{""approve"": 6, ""refer"": 3, ""reject"": 0}",approve,"{""approve"": 6, ""refer"": 3, ""reject"": 0}",approve,"{""approve"": 6, ""refer"": 3, ""reject"": 0}",True,True,approve,approve,approve,approve,approve,approve,approve
2026-05-14T14:16:31,B069,68,bad,reject,refer,False,True,True,False,1,approve,"{""approve"": 14, ""refer"": 7, ""reject"": 0}",False,False,approve,"{""approve"": 0.8286, ""refer"": 0.0, ""reject"": 0.0}",False,False,1,2.1429,1.6429,15.0,FraudAgent,approve,"{""approve"": 6, ""refer"": 3, ""reject"": 0}",approve,"{""approve"": 6, ""refer"": 3, ""reject"": 0}",approve,"{""approve"": 6, ""refer"": 3, ""reject"": 0}",False,False,approve,approve,approve,approve,approve,approve,approve
2026-05-14T14:22:57,B070,69,good,approve,approve,True,True,False,False,0,approve,"{""approve"": 14, ""refer"": 7, ""reject"": 0}",True,True,approve,"{""approve"": 1.2, ""refer"": 0.0, ""reject"": 0.0}",True,True,0,2.4286,1.9286,17.0,RouterManager,approve,"{""approve"": 6, ""refer"": 3, ""reject"": 0}",approve,"{""approve"": 6, ""refer"": 3, ""reject"": 0}",approve,"{""approve"": 6, ""refer"": 3, ""reject"": 0}",True,True,approve,approve,approve,approve,approve,approve,approve
2026-05-14T14:30:55,B071,70,good,approve,approve,True,True,True,False,2,approve,"{""approve"": 14, ""refer"": 7, ""reject"": 0}",True,True,approve,"{""approve"": 0.8, ""refer"": 0.0, ""reject"": 0.0}",True,True,2,2.4286,1.9286,17.0,SummariserAgent,approve,"{""approve"": 6, ""refer"": 3, ""reject"": 0}",approve,"{""approve"": 6, ""refer"": 3, ""reject"": 0}",approve,"{""approve"": 6, ""refer"": 3, ""reject"": 0}",True,True,approve,approve,approve,approve,approve,approve,approve
2026-05-14T14:37:21,B072,71,good,approve,approve,True,True,False,False,0,approve,"{""approve"": 14, ""refer"": 7, ""reject"": 0}",True,True,approve,"{""approve"": 1.1429, ""refer"": 0.0, ""reject"": 0.0}",True,True,0,1.2857,0.7857,9.0,RouterManager,approve,"{""approve"": 6, ""refer"": 3, ""reject"": 0}",approve,"{""approve"": 6, ""refer"": 3, ""reject"": 0}",approve,"{""approve"": 6, ""refer"": 3, ""reject"": 0}",True,True,approve,approve,approve,approve,approve,approve,approve
2026-05-14T14:45:22,B073,72,good,approve,approve,True,True,True,True,3,refer,"{""approve"": 8, ""refer"": 13, ""reject"": 0}",False,False,refer,"{""approve"": 0.6286, ""refer"": 0.6857, ""reject"": 0.0}",False,False,2,0.8571,0.3571,6.0,RouterManager,refer,"{""approve"": 3, ""refer"": 6, ""reject"": 0}",refer,"{""approve"": 3, ""refer"": 6, ""reject"": 0}",refer,"{""approve"": 4, ""refer"": 5, ""reject"": 0}",False,False,approve,refer,refer,refer,refer,refer,refer
2026-05-14T14:52:33,B074,73,good,approve,refer,False,False,True,False,1,refer,"{""approve"": 7, ""refer"": 14, ""reject"": 0}",False,False,refer,"{""approve"": 0.0, ""refer"": 0.8286, ""reject"": 0.0}",False,False,0,2.5714,2.0714,18.0,ComplianceAgent,refer,"{""approve"": 3, ""refer"": 6, ""reject"": 0}",refer,"{""approve"": 3, ""refer"": 6, ""reject"": 0}",refer,"{""approve"": 3, ""refer"": 6, ""reject"": 0}",False,False,refer,refer,refer,refer,refer,refer,refer
2026-05-14T15:02:21,B075,74,bad,reject,approve,False,False,False,False,0,approve,"{""approve"": 14, ""refer"": 7, ""reject"": 0}",False,False,approve,"{""approve"": 1.2, ""refer"": 0.0, ""reject"": 0.0}",False,False,0,2.5714,2.0714,18.0,RouterManager,approve,"{""approve"": 6, ""refer"": 3, ""reject"": 0}",approve,"{""approve"": 6, ""refer"": 3, ""reject"": 0}",approve,"{""approve"": 6, ""refer"": 3, ""reject"": 0}",False,False,approve,approve,approve,approve,approve,approve,approve
2026-05-14T15:14:56,B076,75,good,approve,refer,False,False,True,True,5,refer,"{""approve"": 8, ""refer"": 13, ""reject"": 0}",False,False,refer,"{""approve"": 0.6, ""refer"": 0.6071, ""reject"": 0.0}",False,False,1,0.5714,0.0714,4.0,RouterManager,refer,"{""approve"": 3, ""refer"": 6, ""reject"": 0}",refer,"{""approve"": 3, ""refer"": 6, ""reject"": 0}",refer,"{""approve"": 4, ""refer"": 5, ""reject"": 0}",False,False,approve,refer,refer,refer,refer,refer,refer
2026-05-14T15:22:38,B077,76,bad,reject,approve,False,False,True,False,3,refer,"{""approve"": 7, ""refer"": 14, ""reject"": 0}",False,True,refer,"{""approve"": 0.0, ""refer"": 0.7143, ""reject"": 0.0}",False,True,0,1.4286,0.9286,10.0,RouterManager,refer,"{""approve"": 3, ""refer"": 6, ""reject"": 0}",refer,"{""approve"": 3, ""refer"": 6, ""reject"": 0}",refer,"{""approve"": 3, ""refer"": 6, ""reject"": 0}",False,True,refer,refer,refer,refer,refer,refer,refer
2026-05-14T15:36:35,B078,77,good,approve,approve,True,True,True,False,2,approve,"{""approve"": 14, ""refer"": 7, ""reject"": 0}",True,True,approve,"{""approve"": 0.8571, ""refer"": 0.0, ""reject"": 0.0}",True,True,0,2.1429,1.6429,15.0,RouterManager,approve,"{""approve"": 6, ""refer"": 3, ""reject"": 0}",approve,"{""approve"": 6, ""refer"": 3, ""reject"": 0}",approve,"{""approve"": 6, ""refer"": 3, ""reject"": 0}",True,True,approve,approve,approve,approve,approve,approve,approve
2026-05-14T15:42:50,B079,78,good,approve,approve,True,True,False,False,0,approve,"{""approve"": 14, ""refer"": 7, ""reject"": 0}",True,True,approve,"{""approve"": 1.2, ""refer"": 0.0, ""reject"": 0.0}",True,True,0,2.0,1.5,14.0,RouterManager,approve,"{""approve"": 6, ""refer"": 3, ""reject"": 0}",approve,"{""approve"": 6, ""refer"": 3, ""reject"": 0}",approve,"{""approve"": 6, ""refer"": 3, ""reject"": 0}",True,True,approve,approve,approve,approve,approve,approve,approve
2026-05-14T16:33:46,B080,79,good,approve,refer,False,False,True,True,3,approve,"{""approve"": 11, ""refer"": 10, ""reject"": 0}",True,True,approve,"{""approve"": 0.6857, ""refer"": 0.6286, ""reject"": 0.0}",True,True,0,0.1429,0.0,1.0,RouterManager,approve,"{""approve"": 5, ""refer"": 4, ""reject"": 0}",approve,"{""approve"": 6, ""refer"": 3, ""reject"": 0}",approve,"{""approve"": 5, ""refer"": 4, ""reject"": 0}",True,True,refer,refer,approve,approve,approve,approve,refer
2026-05-14T16:39:41,B081,80,bad,reject,approve,False,False,False,False,0,approve,"{""approve"": 14, ""refer"": 7, ""reject"": 0}",False,False,approve,"{""approve"": 1.2, ""refer"": 0.0, ""reject"": 0.0}",False,False,0,2.7143,2.2143,19.0,RouterManager,approve,"{""approve"": 6, ""refer"": 3, ""reject"": 0}",approve,"{""approve"": 6, ""refer"": 3, ""reject"": 0}",approve,"{""approve"": 6, ""refer"": 3, ""reject"": 0}",False,False,approve,approve,approve,approve,approve,approve,approve
2026-05-14T16:45:15,B082,81,good,approve,approve,True,True,False,False,0,approve,"{""approve"": 14, ""refer"": 7, ""reject"": 0}",True,True,approve,"{""approve"": 1.2, ""refer"": 0.0, ""reject"": 0.0}",True,True,0,2.0,1.5,14.0,RouterManager,approve,"{""approve"": 6, ""refer"": 3, ""reject"": 0}",approve,"{""approve"": 6, ""refer"": 3, ""reject"": 0}",approve,"{""approve"": 6, ""refer"": 3, ""reject"": 0}",True,True,approve,approve,approve,approve,approve,approve,approve
2026-05-14T17:01:01,B083,82,good,approve,refer,False,False,True,False,3,refer,"{""approve"": 7, ""refer"": 14, ""reject"": 0}",False,False,refer,"{""approve"": 0.0, ""refer"": 0.7714, ""reject"": 0.0}",False,False,0,1.7143,1.2143,12.0,RouterManager,refer,"{""approve"": 3, ""refer"": 6, ""reject"": 0}",refer,"{""approve"": 3, ""refer"": 6, ""reject"": 0}",refer,"{""approve"": 3, ""refer"": 6, ""reject"": 0}",False,False,refer,refer,refer,refer,refer,refer,refer
2026-05-14T17:10:03,B084,83,good,approve,approve,True,True,True,True,2,approve,"{""approve"": 12, ""refer"": 9, ""reject"": 0}",True,True,approve,"{""approve"": 0.7943, ""refer"": 0.4286, ""reject"": 0.0}",True,True,0,0.8571,0.3571,6.0,CreditAgent,approve,"{""approve"": 5, ""refer"": 4, ""reject"": 0}",refer,"{""approve"": 4, ""refer"": 5, ""reject"": 0}",approve,"{""approve"": 5, ""refer"": 4, ""reject"": 0}",True,True,approve,approve,refer,approve,refer,approve,approve
2026-05-14T17:22:23,B085,84,good,approve,approve,True,True,True,True,4,refer,"{""approve"": 8, ""refer"": 13, ""reject"": 0}",False,False,refer,"{""approve"": 0.6286, ""refer"": 0.6571, ""reject"": 0.0}",False,False,2,1.4286,0.9286,10.0,RouterManager,refer,"{""approve"": 4, ""refer"": 5, ""reject"": 0}",refer,"{""approve"": 3, ""refer"": 6, ""reject"": 0}",refer,"{""approve"": 3, ""refer"": 6, ""reject"": 0}",False,False,refer,approve,refer,refer,refer,refer,refer
2026-05-14T17:30:56,B086,85,good,approve,refer,False,False,True,True,4,refer,"{""approve"": 10, ""refer"": 11, ""reject"": 0}",False,False,approve,"{""approve"": 0.6571, ""refer"": 0.6286, ""reject"": 0.0}",True,True,2,0.4286,0.0,3.0,RouterManager,refer,"{""approve"": 4, ""refer"": 5, ""reject"": 0}",refer,"{""approve"": 4, ""refer"": 5, ""reject"": 0}",refer,"{""approve"": 4, ""refer"": 5, ""reject"": 0}",False,False,approve,refer,unknown,approve,refer,refer,approve
2026-05-14T17:37:22,B087,86,good,approve,approve,True,True,False,False,0,approve,"{""approve"": 14, ""refer"": 7, ""reject"": 0}",True,True,approve,"{""approve"": 1.2, ""refer"": 0.0, ""reject"": 0.0}",True,True,0,2.4286,1.9286,17.0,RouterManager,approve,"{""approve"": 6, ""refer"": 3, ""reject"": 0}",approve,"{""approve"": 6, ""refer"": 3, ""reject"": 0}",approve,"{""approve"": 6, ""refer"": 3, ""reject"": 0}",True,True,approve,approve,approve,approve,approve,approve,approve
2026-05-14T17:43:42,B088,87,bad,reject,approve,False,False,False,False,0,approve,"{""approve"": 14, ""refer"": 7, ""reject"": 0}",False,False,approve,"{""approve"": 1.2, ""refer"": 0.0, ""reject"": 0.0}",False,False,0,2.4286,1.9286,17.0,RouterManager,approve,"{""approve"": 6, ""refer"": 3, ""reject"": 0}",approve,"{""approve"": 6, ""refer"": 3, ""reject"": 0}",approve,"{""approve"": 6, ""refer"": 3, ""reject"": 0}",False,False,approve,approve,approve,approve,approve,approve,approve
2026-05-14T17:50:04,B089,88,good,approve,approve,True,True,False,False,0,approve,"{""approve"": 14, ""refer"": 7, ""reject"": 0}",True,True,approve,"{""approve"": 1.2, ""refer"": 0.0, ""reject"": 0.0}",True,True,0,1.5714,1.0714,11.0,RouterManager,approve,"{""approve"": 6, ""refer"": 3, ""reject"": 0}",approve,"{""approve"": 6, ""refer"": 3, ""reject"": 0}",approve,"{""approve"": 6, ""refer"": 3, ""reject"": 0}",True,True,approve,approve,approve,approve,approve,approve,approve
2026-05-14T17:58:12,B090,89,bad,reject,approve,False,False,True,False,1,approve,"{""approve"": 14, ""refer"": 7, ""reject"": 0}",False,False,approve,"{""approve"": 0.8286, ""refer"": 0.0, ""reject"": 0.0}",False,False,0,2.4286,1.9286,17.0,FraudAgent,approve,"{""approve"": 6, ""refer"": 3, ""reject"": 0}",approve,"{""approve"": 6, ""refer"": 3, ""reject"": 0}",approve,"{""approve"": 6, ""refer"": 3, ""reject"": 0}",False,False,approve,approve,approve,approve,approve,approve,approve
2026-05-14T18:04:57,B091,90,good,approve,approve,True,True,False,False,0,approve,"{""approve"": 14, ""refer"": 7, ""reject"": 0}",True,True,approve,"{""approve"": 1.0857, ""refer"": 0.0, ""reject"": 0.0}",True,True,0,2.1429,1.6429,15.0,RouterManager,approve,"{""approve"": 6, ""refer"": 3, ""reject"": 0}",approve,"{""approve"": 6, ""refer"": 3, ""reject"": 0}",approve,"{""approve"": 6, ""refer"": 3, ""reject"": 0}",True,True,approve,approve,approve,approve,approve,approve,approve
2026-05-14T18:17:03,B092,91,good,approve,approve,True,True,True,False,1,approve,"{""approve"": 14, ""refer"": 7, ""reject"": 0}",True,True,approve,"{""approve"": 0.9429, ""refer"": 0.0, ""reject"": 0.0}",True,True,1,1.7143,1.2143,12.0,RouterManager,approve,"{""approve"": 6, ""refer"": 3, ""reject"": 0}",approve,"{""approve"": 6, ""refer"": 3, ""reject"": 0}",approve,"{""approve"": 6, ""refer"": 3, ""reject"": 0}",True,True,approve,approve,approve,approve,approve,approve,approve
2026-05-14T18:22:47,B093,92,bad,reject,approve,False,False,False,False,0,approve,"{""approve"": 14, ""refer"": 7, ""reject"": 0}",False,False,approve,"{""approve"": 1.2, ""refer"": 0.0, ""reject"": 0.0}",False,False,0,2.7143,2.2143,19.0,RouterManager,approve,"{""approve"": 6, ""refer"": 3, ""reject"": 0}",approve,"{""approve"": 6, ""refer"": 3, ""reject"": 0}",approve,"{""approve"": 6, ""refer"": 3, ""reject"": 0}",False,False,approve,approve,approve,approve,approve,approve,approve
2026-05-14T18:33:44,B094,93,good,approve,approve,True,True,False,False,0,approve,"{""approve"": 14, ""refer"": 7, ""reject"": 0}",True,True,approve,"{""approve"": 1.2, ""refer"": 0.0, ""reject"": 0.0}",True,True,0,3.0,2.5,21.0,RouterManager,approve,"{""approve"": 6, ""refer"": 3, ""reject"": 0}",approve,"{""approve"": 6, ""refer"": 3, ""reject"": 0}",approve,"{""approve"": 6, ""refer"": 3, ""reject"": 0}",True,True,approve,approve,approve,approve,approve,approve,approve
2026-05-14T18:39:05,B095,94,good,approve,approve,True,True,False,False,0,approve,"{""approve"": 14, ""refer"": 7, ""reject"": 0}",True,True,approve,"{""approve"": 1.2, ""refer"": 0.0, ""reject"": 0.0}",True,True,0,3.0,2.5,21.0,RouterManager,approve,"{""approve"": 6, ""refer"": 3, ""reject"": 0}",approve,"{""approve"": 6, ""refer"": 3, ""reject"": 0}",approve,"{""approve"": 6, ""refer"": 3, ""reject"": 0}",True,True,approve,approve,approve,approve,approve,approve,approve
2026-05-14T18:56:43,B096,95,bad,reject,refer,False,True,True,False,1,refer,"{""approve"": 7, ""refer"": 14, ""reject"": 0}",False,True,refer,"{""approve"": 0.0, ""refer"": 1.0, ""reject"": 0.0}",False,True,0,2.1429,1.6429,15.0,RouterManager,refer,"{""approve"": 3, ""refer"": 6, ""reject"": 0}",refer,"{""approve"": 3, ""refer"": 6, ""reject"": 0}",refer,"{""approve"": 3, ""refer"": 6, ""reject"": 0}",False,True,refer,refer,refer,refer,refer,refer,refer
2026-05-14T19:03:40,B097,96,good,approve,refer,False,False,True,True,2,refer,"{""approve"": 9, ""refer"": 12, ""reject"": 0}",False,False,refer,"{""approve"": 0.6571, ""refer"": 0.7657, ""reject"": 0.0}",False,False,0,0.5714,0.0714,4.0,WeakModelAgent,refer,"{""approve"": 4, ""refer"": 5, ""reject"": 0}",approve,"{""approve"": 5, ""refer"": 4, ""reject"": 0}",refer,"{""approve"": 4, ""refer"": 5, ""reject"": 0}",False,False,refer,refer,refer,approve,approve,refer,refer
2026-05-14T19:09:39,B098,97,good,approve,approve,True,True,False,False,0,approve,"{""approve"": 14, ""refer"": 7, ""reject"": 0}",True,True,approve,"{""approve"": 1.2, ""refer"": 0.0, ""reject"": 0.0}",True,True,0,0.8571,0.3571,6.0,RouterManager,approve,"{""approve"": 6, ""refer"": 3, ""reject"": 0}",approve,"{""approve"": 6, ""refer"": 3, ""reject"": 0}",approve,"{""approve"": 6, ""refer"": 3, ""reject"": 0}",True,True,approve,approve,approve,approve,approve,approve,approve
2026-05-14T19:25:27,B099,98,good,approve,approve,True,True,False,False,0,approve,"{""approve"": 14, ""refer"": 7, ""reject"": 0}",True,True,approve,"{""approve"": 1.2, ""refer"": 0.0, ""reject"": 0.0}",True,True,0,2.7143,2.2143,19.0,RouterManager,approve,"{""approve"": 6, ""refer"": 3, ""reject"": 0}",approve,"{""approve"": 6, ""refer"": 3, ""reject"": 0}",approve,"{""approve"": 6, ""refer"": 3, ""reject"": 0}",True,True,approve,approve,approve,approve,approve,approve,approve
2026-05-14T19:33:38,B100,99,good,approve,refer,False,False,True,True,2,refer,"{""approve"": 9, ""refer"": 12, ""reject"": 0}",False,False,refer,"{""approve"": 0.6571, ""refer"": 0.6857, ""reject"": 0.0}",False,False,0,1.4286,0.9286,10.0,RouterManager,refer,"{""approve"": 4, ""refer"": 5, ""reject"": 0}",refer,"{""approve"": 3, ""refer"": 6, ""reject"": 0}",refer,"{""approve"": 3, ""refer"": 6, ""reject"": 0}",False,False,refer,approve,refer,refer,refer,refer,approve
2026-05-14T21:41:54,B101,100,good,approve,approve,True,True,False,False,0,approve,"{""approve"": 14, ""refer"": 7, ""reject"": 0}",True,True,approve,"{""approve"": 1.2, ""refer"": 0.0, ""reject"": 0.0}",True,True,0,2.1429,1.6429,15.0,RouterManager,approve,"{""approve"": 6, ""refer"": 3, ""reject"": 0}",approve,"{""approve"": 6, ""refer"": 3, ""reject"": 0}",approve,"{""approve"": 6, ""refer"": 3, ""reject"": 0}",True,True,approve,approve,approve,approve,approve,approve,approve
2026-05-15T02:32:29,B102,101,good,approve,refer,False,False,True,False,1,approve,"{""approve"": 14, ""refer"": 7, ""reject"": 0}",True,True,approve,"{""approve"": 0.8286, ""refer"": 0.0, ""reject"": 0.0}",True,True,1,2.5714,2.0714,18.0,ComplianceAgent,approve,"{""approve"": 6, ""refer"": 3, ""reject"": 0}",approve,"{""approve"": 6, ""refer"": 3, ""reject"": 0}",approve,"{""approve"": 6, ""refer"": 3, ""reject"": 0}",True,True,approve,approve,approve,approve,approve,approve,approve
2026-05-15T05:40:11,B103,102,good,approve,approve,True,True,False,False,0,approve,"{""approve"": 14, ""refer"": 7, ""reject"": 0}",True,True,approve,"{""approve"": 1.2, ""refer"": 0.0, ""reject"": 0.0}",True,True,0,1.1429,0.6429,8.0,RouterManager,approve,"{""approve"": 6, ""refer"": 3, ""reject"": 0}",approve,"{""approve"": 6, ""refer"": 3, ""reject"": 0}",approve,"{""approve"": 6, ""refer"": 3, ""reject"": 0}",True,True,approve,approve,approve,approve,approve,approve,approve
2026-05-15T05:47:39,B104,103,good,approve,approve,True,True,False,False,0,approve,"{""approve"": 14, ""refer"": 7, ""reject"": 0}",True,True,approve,"{""approve"": 0.9143, ""refer"": 0.0, ""reject"": 0.0}",True,True,0,2.5714,2.0714,18.0,IncomeAgent,approve,"{""approve"": 6, ""refer"": 3, ""reject"": 0}",approve,"{""approve"": 6, ""refer"": 3, ""reject"": 0}",approve,"{""approve"": 6, ""refer"": 3, ""reject"": 0}",True,True,approve,approve,approve,approve,approve,approve,approve
2026-05-15T06:14:17,B105,104,good,approve,approve,True,True,True,True,5,refer,"{""approve"": 7, ""refer"": 14, ""reject"": 0}",False,False,refer,"{""approve"": 0.0, ""refer"": 0.8571, ""reject"": 0.0}",False,False,1,0.8571,0.3571,6.0,RouterManager,refer,"{""approve"": 3, ""refer"": 6, ""reject"": 0}",refer,"{""approve"": 3, ""refer"": 6, ""reject"": 0}",refer,"{""approve"": 3, ""refer"": 6, ""reject"": 0}",False,False,refer,refer,refer,refer,refer,unknown,refer
2026-05-15T11:27:18,B106,105,bad,reject,refer,False,True,True,True,3,refer,"{""approve"": 8, ""refer"": 13, ""reject"": 0}",False,True,refer,"{""approve"": 0.6286, ""refer"": 0.6857, ""reject"": 0.0}",False,True,1,1.2857,0.7857,9.0,RouterManager,refer,"{""approve"": 4, ""refer"": 5, ""reject"": 0}",refer,"{""approve"": 4, ""refer"": 5, ""reject"": 0}",refer,"{""approve"": 3, ""refer"": 6, ""reject"": 0}",False,True,refer,refer,refer,approve,refer,refer,refer
2026-05-15T13:09:46,B107,106,bad,reject,approve,False,False,True,False,1,approve,"{""approve"": 14, ""refer"": 7, ""reject"": 0}",False,False,approve,"{""approve"": 0.9429, ""refer"": 0.0, ""reject"": 0.0}",False,False,0,1.8571,1.3571,13.0,RouterManager,approve,"{""approve"": 6, ""refer"": 3, ""reject"": 0}",approve,"{""approve"": 6, ""refer"": 3, ""reject"": 0}",approve,"{""approve"": 6, ""refer"": 3, ""reject"": 0}",False,False,approve,approve,approve,approve,approve,approve,approve
2026-05-15T13:19:52,B108,107,good,approve,approve,True,True,True,True,1,approve,"{""approve"": 13, ""refer"": 8, ""reject"": 0}",True,True,approve,"{""approve"": 0.8095, ""refer"": 0.6286, ""reject"": 0.0}",True,True,0,1.4286,0.9286,10.0,CreditAgent,approve,"{""approve"": 6, ""refer"": 3, ""reject"": 0}",approve,"{""approve"": 6, ""refer"": 3, ""reject"": 0}",approve,"{""approve"": 6, ""refer"": 3, ""reject"": 0}",True,True,approve,approve,approve,approve,approve,approve,refer
2026-05-15T13:28:51,B109,108,good,approve,approve,True,True,False,False,0,approve,"{""approve"": 14, ""refer"": 7, ""reject"": 0}",True,True,approve,"{""approve"": 1.0286, ""refer"": 0.0, ""reject"": 0.0}",True,True,0,2.1429,1.6429,15.0,RouterManager,approve,"{""approve"": 6, ""refer"": 3, ""reject"": 0}",approve,"{""approve"": 6, ""refer"": 3, ""reject"": 0}",approve,"{""approve"": 6, ""refer"": 3, ""reject"": 0}",True,True,approve,approve,approve,approve,approve,approve,approve
2026-05-15T13:35:28,B110,109,good,approve,approve,True,True,False,False,0,approve,"{""approve"": 14, ""refer"": 7, ""reject"": 0}",True,True,approve,"{""approve"": 1.2, ""refer"": 0.0, ""reject"": 0.0}",True,True,0,2.2857,1.7857,16.0,RouterManager,approve,"{""approve"": 6, ""refer"": 3, ""reject"": 0}",approve,"{""approve"": 6, ""refer"": 3, ""reject"": 0}",approve,"{""approve"": 6, ""refer"": 3, ""reject"": 0}",True,True,approve,approve,approve,approve,approve,approve,approve
2026-05-15T13:42:38,B111,110,good,approve,approve,True,True,False,False,0,approve,"{""approve"": 14, ""refer"": 7, ""reject"": 0}",True,True,approve,"{""approve"": 1.2, ""refer"": 0.0, ""reject"": 0.0}",True,True,0,1.2857,0.7857,9.0,RouterManager,approve,"{""approve"": 6, ""refer"": 3, ""reject"": 0}",approve,"{""approve"": 6, ""refer"": 3, ""reject"": 0}",approve,"{""approve"": 6, ""refer"": 3, ""reject"": 0}",True,True,approve,approve,approve,approve,approve,approve,approve
2026-05-15T13:49:55,B112,111,good,approve,approve,True,True,False,False,0,approve,"{""approve"": 14, ""refer"": 7, ""reject"": 0}",True,True,approve,"{""approve"": 1.2, ""refer"": 0.0, ""reject"": 0.0}",True,True,0,3.0,2.5,21.0,RouterManager,approve,"{""approve"": 6, ""refer"": 3, ""reject"": 0}",approve,"{""approve"": 6, ""refer"": 3, ""reject"": 0}",approve,"{""approve"": 6, ""refer"": 3, ""reject"": 0}",True,True,approve,approve,approve,approve,approve,approve,approve
2026-05-15T13:58:56,B113,112,good,approve,approve,True,True,False,False,0,approve,"{""approve"": 14, ""refer"": 7, ""reject"": 0}",True,True,approve,"{""approve"": 0.9143, ""refer"": 0.0, ""reject"": 0.0}",True,True,0,2.0,1.5,14.0,RouterManager,approve,"{""approve"": 6, ""refer"": 3, ""reject"": 0}",approve,"{""approve"": 6, ""refer"": 3, ""reject"": 0}",approve,"{""approve"": 6, ""refer"": 3, ""reject"": 0}",True,True,approve,approve,approve,approve,approve,approve,approve
2026-05-15T14:07:42,B114,113,bad,reject,refer,False,True,True,False,1,approve,"{""approve"": 14, ""refer"": 7, ""reject"": 0}",False,False,approve,"{""approve"": 0.8286, ""refer"": 0.0, ""reject"": 0.0}",False,False,1,2.5714,2.0714,18.0,FraudAgent,approve,"{""approve"": 6, ""refer"": 3, ""reject"": 0}",approve,"{""approve"": 6, ""refer"": 3, ""reject"": 0}",approve,"{""approve"": 6, ""refer"": 3, ""reject"": 0}",False,False,approve,approve,approve,approve,approve,approve,approve
2026-05-15T15:53:52,B115,114,good,approve,approve,True,True,False,False,0,approve,"{""approve"": 14, ""refer"": 7, ""reject"": 0}",True,True,approve,"{""approve"": 1.2, ""refer"": 0.0, ""reject"": 0.0}",True,True,0,1.2857,0.7857,9.0,RouterManager,approve,"{""approve"": 6, ""refer"": 3, ""reject"": 0}",approve,"{""approve"": 6, ""refer"": 3, ""reject"": 0}",approve,"{""approve"": 6, ""refer"": 3, ""reject"": 0}",True,True,approve,approve,approve,approve,approve,approve,approve
2026-05-15T16:01:51,B116,115,good,approve,approve,True,True,False,False,0,approve,"{""approve"": 14, ""refer"": 7, ""reject"": 0}",True,True,approve,"{""approve"": 1.1429, ""refer"": 0.0, ""reject"": 0.0}",True,True,0,2.2857,1.7857,16.0,RouterManager,approve,"{""approve"": 6, ""refer"": 3, ""reject"": 0}",approve,"{""approve"": 6, ""refer"": 3, ""reject"": 0}",approve,"{""approve"": 6, ""refer"": 3, ""reject"": 0}",True,True,approve,approve,approve,approve,approve,approve,approve
2026-05-15T16:12:14,B117,116,bad,reject,approve,False,False,True,True,4,refer,"{""approve"": 8, ""refer"": 13, ""reject"": 0}",False,True,refer,"{""approve"": 0.6286, ""refer"": 0.6571, ""reject"": 0.0}",False,True,1,2.1429,1.6429,15.0,RouterManager,refer,"{""approve"": 4, ""refer"": 5, ""reject"": 0}",refer,"{""approve"": 3, ""refer"": 6, ""reject"": 0}",refer,"{""approve"": 3, ""refer"": 6, ""reject"": 0}",False,True,refer,approve,refer,refer,refer,refer,refer
2026-05-15T16:21:05,B118,117,good,approve,refer,False,False,True,True,2,approve,"{""approve"": 12, ""refer"": 9, ""reject"": 0}",True,True,approve,"{""approve"": 0.7143, ""refer"": 0.6286, ""reject"": 0.0}",True,True,1,1.4286,0.9286,10.0,RouterManager,approve,"{""approve"": 5, ""refer"": 4, ""reject"": 0}",approve,"{""approve"": 5, ""refer"": 4, ""reject"": 0}",approve,"{""approve"": 6, ""refer"": 3, ""reject"": 0}",True,True,approve,approve,refer,approve,approve,refer,approve
2026-05-15T16:28:53,B119,118,bad,reject,approve,False,False,False,False,0,approve,"{""approve"": 14, ""refer"": 7, ""reject"": 0}",False,False,approve,"{""approve"": 1.2, ""refer"": 0.0, ""reject"": 0.0}",False,False,0,2.7143,2.2143,19.0,RouterManager,approve,"{""approve"": 6, ""refer"": 3, ""reject"": 0}",approve,"{""approve"": 6, ""refer"": 3, ""reject"": 0}",approve,"{""approve"": 6, ""refer"": 3, ""reject"": 0}",False,False,approve,approve,approve,approve,approve,approve,approve
2026-05-15T16:35:30,B120,119,good,approve,approve,True,True,False,False,0,approve,"{""approve"": 14, ""refer"": 7, ""reject"": 0}",True,True,approve,"{""approve"": 1.2, ""refer"": 0.0, ""reject"": 0.0}",True,True,0,2.7143,2.2143,19.0,RouterManager,approve,"{""approve"": 6, ""refer"": 3, ""reject"": 0}",approve,"{""approve"": 6, ""refer"": 3, ""reject"": 0}",approve,"{""approve"": 6, ""refer"": 3, ""reject"": 0}",True,True,approve,approve,approve,approve,approve,approve,approve
2026-05-15T16:44:51,B121,120,bad,reject,approve,False,False,True,False,1,approve,"{""approve"": 14, ""refer"": 7, ""reject"": 0}",False,False,approve,"{""approve"": 0.8857, ""refer"": 0.0, ""reject"": 0.0}",False,False,1,2.5714,2.0714,18.0,RouterManager,approve,"{""approve"": 6, ""refer"": 3, ""reject"": 0}",approve,"{""approve"": 6, ""refer"": 3, ""reject"": 0}",approve,"{""approve"": 6, ""refer"": 3, ""reject"": 0}",False,False,approve,approve,approve,approve,approve,approve,approve
2026-05-15T16:56:50,B122,121,good,approve,refer,False,False,True,False,3,refer,"{""approve"": 7, ""refer"": 14, ""reject"": 0}",False,False,refer,"{""approve"": 0.0, ""refer"": 0.6714, ""reject"": 0.0}",False,False,1,0.8571,0.3571,6.0,RouterManager,refer,"{""approve"": 3, ""refer"": 6, ""reject"": 0}",refer,"{""approve"": 3, ""refer"": 6, ""reject"": 0}",refer,"{""approve"": 3, ""refer"": 6, ""reject"": 0}",False,False,refer,refer,refer,refer,refer,refer,refer
2026-05-15T17:05:08,B123,122,good,approve,approve,True,True,True,True,0,approve,"{""approve"": 13, ""refer"": 8, ""reject"": 0}",True,True,approve,"{""approve"": 0.7714, ""refer"": 0.6286, ""reject"": 0.0}",True,True,0,1.8571,1.3571,13.0,RouterManager,approve,"{""approve"": 5, ""refer"": 4, ""reject"": 0}",approve,"{""approve"": 6, ""refer"": 3, ""reject"": 0}",approve,"{""approve"": 6, ""refer"": 3, ""reject"": 0}",True,True,approve,refer,approve,approve,approve,approve,approve
2026-05-15T17:13:56,B124,123,good,approve,approve,True,True,False,False,0,approve,"{""approve"": 14, ""refer"": 7, ""reject"": 0}",True,True,approve,"{""approve"": 1.2, ""refer"": 0.0, ""reject"": 0.0}",True,True,0,1.2857,0.7857,9.0,RouterManager,approve,"{""approve"": 6, ""refer"": 3, ""reject"": 0}",approve,"{""approve"": 6, ""refer"": 3, ""reject"": 0}",approve,"{""approve"": 6, ""refer"": 3, ""reject"": 0}",True,True,approve,approve,approve,approve,approve,approve,approve
2026-05-15T17:22:29,B125,124,bad,reject,approve,False,False,False,False,0,approve,"{""approve"": 14, ""refer"": 7, ""reject"": 0}",False,False,approve,"{""approve"": 1.1429, ""refer"": 0.0, ""reject"": 0.0}",False,False,0,0.8571,0.3571,6.0,RouterManager,approve,"{""approve"": 6, ""refer"": 3, ""reject"": 0}",approve,"{""approve"": 6, ""refer"": 3, ""reject"": 0}",approve,"{""approve"": 6, ""refer"": 3, ""reject"": 0}",False,False,approve,approve,approve,approve,approve,approve,approve
2026-05-15T17:31:28,B126,125,good,approve,approve,True,True,False,False,0,approve,"{""approve"": 14, ""refer"": 7, ""reject"": 0}",True,True,approve,"{""approve"": 1.1429, ""refer"": 0.0, ""reject"": 0.0}",True,True,0,1.7143,1.2143,12.0,RouterManager,approve,"{""approve"": 6, ""refer"": 3, ""reject"": 0}",approve,"{""approve"": 6, ""refer"": 3, ""reject"": 0}",approve,"{""approve"": 6, ""refer"": 3, ""reject"": 0}",True,True,approve,approve,approve,approve,approve,approve,approve
2026-05-15T17:40:30,B127,126,good,approve,approve,True,True,True,True,1,approve,"{""approve"": 11, ""refer"": 10, ""reject"": 0}",True,True,approve,"{""approve"": 0.8143, ""refer"": 0.6571, ""reject"": 0.0}",True,True,0,1.2857,0.7857,9.0,IncomeAgent,refer,"{""approve"": 4, ""refer"": 5, ""reject"": 0}",refer,"{""approve"": 4, ""refer"": 5, ""reject"": 0}",refer,"{""approve"": 4, ""refer"": 5, ""reject"": 0}",False,False,approve,approve,refer,refer,approve,refer,approve
2026-05-15T17:48:34,B128,127,bad,reject,approve,False,False,False,False,0,approve,"{""approve"": 14, ""refer"": 7, ""reject"": 0}",False,False,approve,"{""approve"": 1.2, ""refer"": 0.0, ""reject"": 0.0}",False,False,0,1.5714,1.0714,11.0,RouterManager,approve,"{""approve"": 6, ""refer"": 3, ""reject"": 0}",approve,"{""approve"": 6, ""refer"": 3, ""reject"": 0}",approve,"{""approve"": 6, ""refer"": 3, ""reject"": 0}",False,False,approve,approve,approve,approve,approve,approve,approve
2026-05-15T17:57:04,B129,128,good,approve,approve,True,True,False,False,0,approve,"{""approve"": 14, ""refer"": 7, ""reject"": 0}",True,True,approve,"{""approve"": 1.2, ""refer"": 0.0, ""reject"": 0.0}",True,True,0,1.4286,0.9286,10.0,RouterManager,approve,"{""approve"": 6, ""refer"": 3, ""reject"": 0}",approve,"{""approve"": 6, ""refer"": 3, ""reject"": 0}",approve,"{""approve"": 6, ""refer"": 3, ""reject"": 0}",True,True,approve,approve,approve,approve,approve,approve,approve
2026-05-15T18:08:16,B130,129,bad,reject,refer,False,True,True,True,2,approve,"{""approve"": 11, ""refer"": 10, ""reject"": 0}",False,False,approve,"{""approve"": 0.7857, ""refer"": 0.6571, ""reject"": 0.0}",False,False,1,1.0,0.5,7.0,CreditAgent,approve,"{""approve"": 6, ""refer"": 3, ""reject"": 0}",approve,"{""approve"": 6, ""refer"": 3, ""reject"": 0}",approve,"{""approve"": 5, ""refer"": 4, ""reject"": 0}",False,False,refer,approve,approve,approve,approve,refer,refer
2026-05-15T18:18:14,B131,130,good,approve,refer,False,False,True,False,1,approve,"{""approve"": 14, ""refer"": 7, ""reject"": 0}",True,True,approve,"{""approve"": 0.9429, ""refer"": 0.0, ""reject"": 0.0}",True,True,1,2.1429,1.6429,15.0,FraudAgent,approve,"{""approve"": 6, ""refer"": 3, ""reject"": 0}",approve,"{""approve"": 6, ""refer"": 3, ""reject"": 0}",approve,"{""approve"": 6, ""refer"": 3, ""reject"": 0}",True,True,approve,approve,approve,approve,approve,approve,approve
2026-05-15T18:28:46,B132,131,bad,reject,approve,False,False,True,True,4,refer,"{""approve"": 10, ""refer"": 11, ""reject"": 0}",False,True,approve,"{""approve"": 0.6571, ""refer"": 0.6286, ""reject"": 0.0}",False,False,3,2.4286,1.9286,17.0,RouterManager,refer,"{""approve"": 4, ""refer"": 5, ""reject"": 0}",approve,"{""approve"": 5, ""refer"": 4, ""reject"": 0}",refer,"{""approve"": 4, ""refer"": 5, ""reject"": 0}",False,True,refer,refer,refer,approve,approve,approve,refer
2026-05-15T18:37:27,B133,132,good,approve,approve,True,True,False,False,0,approve,"{""approve"": 14, ""refer"": 7, ""reject"": 0}",True,True,approve,"{""approve"": 1.2, ""refer"": 0.0, ""reject"": 0.0}",True,True,0,2.1429,1.6429,15.0,RouterManager,approve,"{""approve"": 6, ""refer"": 3, ""reject"": 0}",approve,"{""approve"": 6, ""refer"": 3, ""reject"": 0}",approve,"{""approve"": 6, ""refer"": 3, ""reject"": 0}",True,True,approve,approve,approve,approve,approve,approve,approve
2026-05-15T18:48:29,B134,133,good,approve,approve,True,True,True,True,3,refer,"{""approve"": 9, ""refer"": 12, ""reject"": 0}",False,False,approve,"{""approve"": 0.6571, ""refer"": 0.5971, ""reject"": 0.0}",True,True,0,0.2857,0.0,2.0,IncomeAgent,refer,"{""approve"": 4, ""refer"": 5, ""reject"": 0}",refer,"{""approve"": 4, ""refer"": 5, ""reject"": 0}",refer,"{""approve"": 3, ""refer"": 6, ""reject"": 0}",False,False,refer,refer,refer,approve,refer,refer,approve
2026-05-15T18:59:53,B135,134,good,approve,refer,False,False,True,False,4,refer,"{""approve"": 7, ""refer"": 14, ""reject"": 0}",False,False,refer,"{""approve"": 0.0, ""refer"": 0.6857, ""reject"": 0.0}",False,False,2,1.0,0.5,7.0,RouterManager,refer,"{""approve"": 3, ""refer"": 6, ""reject"": 0}",refer,"{""approve"": 3, ""refer"": 6, ""reject"": 0}",refer,"{""approve"": 3, ""refer"": 6, ""reject"": 0}",False,False,refer,refer,refer,refer,refer,refer,refer
2026-05-15T19:07:42,B136,135,good,approve,approve,True,True,False,False,0,approve,"{""approve"": 14, ""refer"": 7, ""reject"": 0}",True,True,approve,"{""approve"": 1.2, ""refer"": 0.0, ""reject"": 0.0}",True,True,0,2.7143,2.2143,19.0,RouterManager,approve,"{""approve"": 6, ""refer"": 3, ""reject"": 0}",approve,"{""approve"": 6, ""refer"": 3, ""reject"": 0}",approve,"{""approve"": 6, ""refer"": 3, ""reject"": 0}",True,True,approve,approve,approve,approve,approve,approve,approve
2026-05-15T19:14:55,B137,136,good,approve,approve,True,True,False,False,0,approve,"{""approve"": 14, ""refer"": 7, ""reject"": 0}",True,True,approve,"{""approve"": 1.2, ""refer"": 0.0, ""reject"": 0.0}",True,True,0,2.4286,1.9286,17.0,RouterManager,approve,"{""approve"": 6, ""refer"": 3, ""reject"": 0}",approve,"{""approve"": 6, ""refer"": 3, ""reject"": 0}",approve,"{""approve"": 6, ""refer"": 3, ""reject"": 0}",True,True,approve,approve,approve,approve,approve,approve,approve
2026-05-15T19:22:17,B138,137,bad,reject,approve,False,False,False,False,0,approve,"{""approve"": 14, ""refer"": 7, ""reject"": 0}",False,False,approve,"{""approve"": 1.2, ""refer"": 0.0, ""reject"": 0.0}",False,False,0,1.2857,0.7857,9.0,RouterManager,approve,"{""approve"": 6, ""refer"": 3, ""reject"": 0}",approve,"{""approve"": 6, ""refer"": 3, ""reject"": 0}",approve,"{""approve"": 6, ""refer"": 3, ""reject"": 0}",False,False,approve,approve,approve,approve,approve,approve,approve
2026-05-15T19:31:07,B139,138,good,approve,approve,True,True,False,False,0,approve,"{""approve"": 14, ""refer"": 7, ""reject"": 0}",True,True,approve,"{""approve"": 1.2, ""refer"": 0.0, ""reject"": 0.0}",True,True,0,1.8571,1.3571,13.0,RouterManager,approve,"{""approve"": 6, ""refer"": 3, ""reject"": 0}",approve,"{""approve"": 6, ""refer"": 3, ""reject"": 0}",approve,"{""approve"": 6, ""refer"": 3, ""reject"": 0}",True,True,approve,approve,approve,approve,approve,approve,approve
2026-05-15T19:38:54,B140,139,good,approve,approve,True,True,False,False,0,approve,"{""approve"": 14, ""refer"": 7, ""reject"": 0}",True,True,approve,"{""approve"": 1.2, ""refer"": 0.0, ""reject"": 0.0}",True,True,0,2.8571,2.3571,20.0,RouterManager,approve,"{""approve"": 6, ""refer"": 3, ""reject"": 0}",approve,"{""approve"": 6, ""refer"": 3, ""reject"": 0}",approve,"{""approve"": 6, ""refer"": 3, ""reject"": 0}",True,True,approve,approve,approve,approve,approve,approve,approve
2026-05-15T20:03:09,B141,140,good,approve,approve,True,True,False,False,0,approve,"{""approve"": 14, ""refer"": 7, ""reject"": 0}",True,True,approve,"{""approve"": 1.2, ""refer"": 0.0, ""reject"": 0.0}",True,True,0,1.2857,0.7857,9.0,RouterManager,approve,"{""approve"": 6, ""refer"": 3, ""reject"": 0}",approve,"{""approve"": 6, ""refer"": 3, ""reject"": 0}",approve,"{""approve"": 6, ""refer"": 3, ""reject"": 0}",True,True,approve,approve,approve,approve,approve,approve,approve
2026-05-15T20:39:05,B142,141,good,approve,approve,True,True,False,False,0,approve,"{""approve"": 14, ""refer"": 7, ""reject"": 0}",True,True,approve,"{""approve"": 1.2, ""refer"": 0.0, ""reject"": 0.0}",True,True,0,1.7143,1.2143,12.0,RouterManager,approve,"{""approve"": 6, ""refer"": 3, ""reject"": 0}",approve,"{""approve"": 6, ""refer"": 3, ""reject"": 0}",approve,"{""approve"": 6, ""refer"": 3, ""reject"": 0}",True,True,approve,approve,approve,approve,approve,approve,approve
2026-05-15T20:49:59,B143,142,good,approve,approve,True,True,False,False,0,approve,"{""approve"": 14, ""refer"": 7, ""reject"": 0}",True,True,approve,"{""approve"": 1.2, ""refer"": 0.0, ""reject"": 0.0}",True,True,0,2.4286,1.9286,17.0,RouterManager,approve,"{""approve"": 6, ""refer"": 3, ""reject"": 0}",approve,"{""approve"": 6, ""refer"": 3, ""reject"": 0}",approve,"{""approve"": 6, ""refer"": 3, ""reject"": 0}",True,True,approve,approve,approve,approve,approve,approve,approve
2026-05-15T21:25:44,B144,143,bad,reject,refer,False,True,True,False,2,refer,"{""approve"": 7, ""refer"": 14, ""reject"": 0}",False,True,refer,"{""approve"": 0.0, ""refer"": 0.7429, ""reject"": 0.0}",False,True,2,2.4286,1.9286,17.0,RouterManager,refer,"{""approve"": 3, ""refer"": 6, ""reject"": 0}",refer,"{""approve"": 3, ""refer"": 6, ""reject"": 0}",refer,"{""approve"": 3, ""refer"": 6, ""reject"": 0}",False,True,refer,refer,refer,refer,refer,refer,refer
2026-05-15T21:42:59,B145,144,good,approve,refer,False,False,True,True,1,approve,"{""approve"": 13, ""refer"": 8, ""reject"": 0}",True,True,approve,"{""approve"": 0.7429, ""refer"": 0.6286, ""reject"": 0.0}",True,True,0,2.0,1.5,14.0,RouterManager,approve,"{""approve"": 6, ""refer"": 3, ""reject"": 0}",approve,"{""approve"": 5, ""refer"": 4, ""reject"": 0}",approve,"{""approve"": 6, ""refer"": 3, ""reject"": 0}",True,True,approve,approve,approve,approve,refer,approve,approve
2026-05-15T21:54:13,B146,145,good,approve,approve,True,True,True,True,3,approve,"{""approve"": 12, ""refer"": 9, ""reject"": 0}",True,True,approve,"{""approve"": 1.0343, ""refer"": 0.6, ""reject"": 0.0}",True,True,0,0.7143,0.2143,5.0,RouterManager,approve,"{""approve"": 5, ""refer"": 4, ""reject"": 0}",approve,"{""approve"": 5, ""refer"": 4, ""reject"": 0}",approve,"{""approve"": 6, ""refer"": 3, ""reject"": 0}",True,True,approve,approve,approve,refer,approve,refer,approve
2026-05-15T22:02:45,B147,146,good,approve,approve,True,True,True,False,1,approve,"{""approve"": 14, ""refer"": 7, ""reject"": 0}",True,True,approve,"{""approve"": 0.8857, ""refer"": 0.0, ""reject"": 0.0}",True,True,1,2.8571,2.3571,20.0,RouterManager,approve,"{""approve"": 6, ""refer"": 3, ""reject"": 0}",approve,"{""approve"": 6, ""refer"": 3, ""reject"": 0}",approve,"{""approve"": 6, ""refer"": 3, ""reject"": 0}",True,True,approve,approve,approve,approve,approve,approve,approve
2026-05-15T22:08:57,B148,147,good,approve,approve,True,True,False,False,0,approve,"{""approve"": 14, ""refer"": 7, ""reject"": 0}",True,True,approve,"{""approve"": 1.2, ""refer"": 0.0, ""reject"": 0.0}",True,True,0,2.1429,1.6429,15.0,RouterManager,approve,"{""approve"": 6, ""refer"": 3, ""reject"": 0}",approve,"{""approve"": 6, ""refer"": 3, ""reject"": 0}",approve,"{""approve"": 6, ""refer"": 3, ""reject"": 0}",True,True,approve,approve,approve,approve,approve,approve,approve
2026-05-15T22:16:18,B149,148,good,approve,approve,True,True,False,False,0,approve,"{""approve"": 14, ""refer"": 7, ""reject"": 0}",True,True,approve,"{""approve"": 1.2, ""refer"": 0.0, ""reject"": 0.0}",True,True,0,2.4286,1.9286,17.0,RouterManager,approve,"{""approve"": 6, ""refer"": 3, ""reject"": 0}",approve,"{""approve"": 6, ""refer"": 3, ""reject"": 0}",approve,"{""approve"": 6, ""refer"": 3, ""reject"": 0}",True,True,approve,approve,approve,approve,approve,approve,approve
2026-05-15T22:22:41,B150,149,good,approve,approve,True,True,False,False,0,approve,"{""approve"": 14, ""refer"": 7, ""reject"": 0}",True,True,approve,"{""approve"": 1.2, ""refer"": 0.0, ""reject"": 0.0}",True,True,0,2.5714,2.0714,18.0,RouterManager,approve,"{""approve"": 6, ""refer"": 3, ""reject"": 0}",approve,"{""approve"": 6, ""refer"": 3, ""reject"": 0}",approve,"{""approve"": 6, ""refer"": 3, ""reject"": 0}",True,True,approve,approve,approve,approve,approve,approve,approve
2026-05-15T22:30:38,B151,150,good,approve,approve,True,True,False,False,0,approve,"{""approve"": 14, ""refer"": 7, ""reject"": 0}",True,True,approve,"{""approve"": 1.2, ""refer"": 0.0, ""reject"": 0.0}",True,True,0,2.0,1.5,14.0,RouterManager,approve,"{""approve"": 6, ""refer"": 3, ""reject"": 0}",approve,"{""approve"": 6, ""refer"": 3, ""reject"": 0}",approve,"{""approve"": 6, ""refer"": 3, ""reject"": 0}",True,True,approve,approve,approve,approve,approve,approve,approve
2026-05-15T22:39:50,B152,151,good,approve,approve,True,True,False,False,0,approve,"{""approve"": 14, ""refer"": 7, ""reject"": 0}",True,True,approve,"{""approve"": 1.2, ""refer"": 0.0, ""reject"": 0.0}",True,True,0,1.2857,0.7857,9.0,RouterManager,approve,"{""approve"": 6, ""refer"": 3, ""reject"": 0}",approve,"{""approve"": 6, ""refer"": 3, ""reject"": 0}",approve,"{""approve"": 6, ""refer"": 3, ""reject"": 0}",True,True,approve,approve,approve,approve,approve,approve,approve
2026-05-15T22:48:13,B153,152,good,approve,approve,True,True,False,False,0,approve,"{""approve"": 14, ""refer"": 7, ""reject"": 0}",True,True,approve,"{""approve"": 1.2, ""refer"": 0.0, ""reject"": 0.0}",True,True,0,2.5714,2.0714,18.0,RouterManager,approve,"{""approve"": 6, ""refer"": 3, ""reject"": 0}",approve,"{""approve"": 6, ""refer"": 3, ""reject"": 0}",approve,"{""approve"": 6, ""refer"": 3, ""reject"": 0}",True,True,approve,approve,approve,approve,approve,approve,approve
2026-05-15T22:56:51,B154,153,good,approve,approve,True,True,False,False,0,approve,"{""approve"": 14, ""refer"": 7, ""reject"": 0}",True,True,approve,"{""approve"": 1.2, ""refer"": 0.0, ""reject"": 0.0}",True,True,0,1.0,0.5,7.0,RouterManager,approve,"{""approve"": 6, ""refer"": 3, ""reject"": 0}",approve,"{""approve"": 6, ""refer"": 3, ""reject"": 0}",approve,"{""approve"": 6, ""refer"": 3, ""reject"": 0}",True,True,approve,approve,approve,approve,approve,approve,approve
2026-05-15T23:10:26,B155,154,good,approve,approve,True,True,True,False,5,refer,"{""approve"": 7, ""refer"": 14, ""reject"": 0}",False,False,refer,"{""approve"": 0.0, ""refer"": 0.6, ""reject"": 0.0}",False,False,0,0.5714,0.0714,4.0,RouterManager,refer,"{""approve"": 3, ""refer"": 6, ""reject"": 0}",refer,"{""approve"": 3, ""refer"": 6, ""reject"": 0}",refer,"{""approve"": 3, ""refer"": 6, ""reject"": 0}",False,False,refer,refer,refer,refer,refer,refer,refer
2026-05-15T23:22:22,B156,155,bad,reject,reject,True,True,True,True,3,refer,"{""approve"": 10, ""refer"": 11, ""reject"": 0}",False,True,refer,"{""approve"": 0.6857, ""refer"": 0.7536, ""reject"": 0.0}",False,True,1,1.0,0.5,7.0,FraudAgent,approve,"{""approve"": 5, ""refer"": 4, ""reject"": 0}",approve,"{""approve"": 5, ""refer"": 4, ""reject"": 0}",approve,"{""approve"": 5, ""refer"": 4, ""reject"": 0}",False,False,refer,approve,refer,approve,approve,refer,refer
2026-05-15T23:33:03,B157,156,good,approve,approve,True,True,False,False,0,approve,"{""approve"": 14, ""refer"": 7, ""reject"": 0}",True,True,approve,"{""approve"": 1.2, ""refer"": 0.0, ""reject"": 0.0}",True,True,0,1.5714,1.0714,11.0,RouterManager,approve,"{""approve"": 6, ""refer"": 3, ""reject"": 0}",approve,"{""approve"": 6, ""refer"": 3, ""reject"": 0}",approve,"{""approve"": 6, ""refer"": 3, ""reject"": 0}",True,True,approve,approve,approve,approve,approve,approve,approve
2026-05-15T23:45:56,B158,157,good,approve,approve,True,True,True,True,0,approve,"{""approve"": 13, ""refer"": 8, ""reject"": 0}",True,True,approve,"{""approve"": 1.1714, ""refer"": 0.6286, ""reject"": 0.0}",True,True,0,0.7143,0.2143,5.0,RouterManager,approve,"{""approve"": 5, ""refer"": 4, ""reject"": 0}",approve,"{""approve"": 5, ""refer"": 4, ""reject"": 0}",approve,"{""approve"": 6, ""refer"": 3, ""reject"": 0}",True,True,approve,approve,refer,approve,approve,approve,approve
2026-05-18T08:51:45,B159,158,good,approve,approve,True,True,False,False,0,approve,"{""approve"": 14, ""refer"": 7, ""reject"": 0}",True,True,approve,"{""approve"": 1.2, ""refer"": 0.0, ""reject"": 0.0}",True,True,0,1.1429,0.6429,8.0,RouterManager,approve,"{""approve"": 6, ""refer"": 3, ""reject"": 0}",approve,"{""approve"": 6, ""refer"": 3, ""reject"": 0}",approve,"{""approve"": 6, ""refer"": 3, ""reject"": 0}",True,True,approve,approve,approve,approve,approve,approve,approve
2026-05-18T08:58:59,B160,159,good,approve,approve,True,True,False,False,0,approve,"{""approve"": 14, ""refer"": 7, ""reject"": 0}",True,True,approve,"{""approve"": 1.2, ""refer"": 0.0, ""reject"": 0.0}",True,True,0,1.8571,1.3571,13.0,RouterManager,approve,"{""approve"": 6, ""refer"": 3, ""reject"": 0}",approve,"{""approve"": 6, ""refer"": 3, ""reject"": 0}",approve,"{""approve"": 6, ""refer"": 3, ""reject"": 0}",True,True,approve,approve,approve,approve,approve,approve,approve
2026-05-18T10:36:04,B161,160,good,approve,approve,True,True,False,False,0,approve,"{""approve"": 14, ""refer"": 7, ""reject"": 0}",True,True,approve,"{""approve"": 1.2, ""refer"": 0.0, ""reject"": 0.0}",True,True,0,2.7143,2.2143,19.0,RouterManager,approve,"{""approve"": 6, ""refer"": 3, ""reject"": 0}",approve,"{""approve"": 6, ""refer"": 3, ""reject"": 0}",approve,"{""approve"": 6, ""refer"": 3, ""reject"": 0}",True,True,approve,approve,approve,approve,approve,approve,approve
2026-05-18T10:53:47,B162,161,good,approve,approve,True,True,False,False,0,approve,"{""approve"": 14, ""refer"": 7, ""reject"": 0}",True,True,approve,"{""approve"": 1.0857, ""refer"": 0.0, ""reject"": 0.0}",True,True,0,2.0,1.5,14.0,RouterManager,approve,"{""approve"": 6, ""refer"": 3, ""reject"": 0}",approve,"{""approve"": 6, ""refer"": 3, ""reject"": 0}",approve,"{""approve"": 6, ""refer"": 3, ""reject"": 0}",True,True,approve,approve,approve,approve,approve,approve,approve
2026-05-18T10:59:59,B163,162,good,approve,approve,True,True,False,False,0,approve,"{""approve"": 14, ""refer"": 7, ""reject"": 0}",True,True,approve,"{""approve"": 1.2, ""refer"": 0.0, ""reject"": 0.0}",True,True,0,1.5714,1.0714,11.0,RouterManager,approve,"{""approve"": 6, ""refer"": 3, ""reject"": 0}",approve,"{""approve"": 6, ""refer"": 3, ""reject"": 0}",approve,"{""approve"": 6, ""refer"": 3, ""reject"": 0}",True,True,approve,approve,approve,approve,approve,approve,approve
2026-05-18T11:10:42,B164,163,good,approve,refer,False,False,True,True,4,refer,"{""approve"": 3, ""refer"": 10, ""reject"": 8}",False,False,refer,"{""approve"": 0.0, ""refer"": 1.0286, ""reject"": 0.8571}",False,False,1,0.8571,0.3571,6.0,RouterManager,refer,"{""approve"": 1, ""refer"": 4, ""reject"": 4}",refer,"{""approve"": 2, ""refer"": 5, ""reject"": 2}",refer,"{""approve"": 2, ""refer"": 5, ""reject"": 2}",False,False,reject,reject,refer,reject,refer,reject,unknown
2026-05-18T11:16:52,B165,164,good,approve,approve,True,True,False,False,0,approve,"{""approve"": 14, ""refer"": 7, ""reject"": 0}",True,True,approve,"{""approve"": 1.2, ""refer"": 0.0, ""reject"": 0.0}",True,True,0,1.7143,1.2143,12.0,RouterManager,approve,"{""approve"": 6, ""refer"": 3, ""reject"": 0}",approve,"{""approve"": 6, ""refer"": 3, ""reject"": 0}",approve,"{""approve"": 6, ""refer"": 3, ""reject"": 0}",True,True,approve,approve,approve,approve,approve,approve,approve
2026-05-18T11:24:13,B166,165,good,approve,approve,True,True,False,False,0,approve,"{""approve"": 14, ""refer"": 7, ""reject"": 0}",True,True,approve,"{""approve"": 1.2, ""refer"": 0.0, ""reject"": 0.0}",True,True,0,2.4286,1.9286,17.0,RouterManager,approve,"{""approve"": 6, ""refer"": 3, ""reject"": 0}",approve,"{""approve"": 6, ""refer"": 3, ""reject"": 0}",approve,"{""approve"": 6, ""refer"": 3, ""reject"": 0}",True,True,approve,approve,approve,approve,approve,approve,approve
2026-05-18T11:31:52,B167,166,bad,reject,approve,False,False,False,False,0,approve,"{""approve"": 14, ""refer"": 7, ""reject"": 0}",False,False,approve,"{""approve"": 1.1429, ""refer"": 0.0, ""reject"": 0.0}",False,False,0,2.2857,1.7857,16.0,RouterManager,approve,"{""approve"": 6, ""refer"": 3, ""reject"": 0}",approve,"{""approve"": 6, ""refer"": 3, ""reject"": 0}",approve,"{""approve"": 6, ""refer"": 3, ""reject"": 0}",False,False,approve,approve,approve,approve,approve,approve,approve
2026-05-18T11:38:46,B168,167,good,approve,approve,True,True,False,False,0,approve,"{""approve"": 14, ""refer"": 7, ""reject"": 0}",True,True,approve,"{""approve"": 1.2, ""refer"": 0.0, ""reject"": 0.0}",True,True,0,2.7143,2.2143,19.0,RouterManager,approve,"{""approve"": 6, ""refer"": 3, ""reject"": 0}",approve,"{""approve"": 6, ""refer"": 3, ""reject"": 0}",approve,"{""approve"": 6, ""refer"": 3, ""reject"": 0}",True,True,approve,approve,approve,approve,approve,approve,approve
2026-05-18T11:49:13,B169,168,good,approve,refer,False,False,True,False,5,refer,"{""approve"": 7, ""refer"": 14, ""reject"": 0}",False,False,refer,"{""approve"": 0.0, ""refer"": 0.5714, ""reject"": 0.0}",False,False,0,0.5714,0.0714,4.0,RouterManager,refer,"{""approve"": 3, ""refer"": 6, ""reject"": 0}",refer,"{""approve"": 3, ""refer"": 6, ""reject"": 0}",refer,"{""approve"": 3, ""refer"": 6, ""reject"": 0}",False,False,refer,refer,refer,refer,refer,refer,refer
2026-05-18T11:59:11,B170,169,bad,reject,refer,False,True,True,True,3,approve,"{""approve"": 11, ""refer"": 10, ""reject"": 0}",False,False,approve,"{""approve"": 0.9857, ""refer"": 0.6286, ""reject"": 0.0}",False,False,0,1.4286,0.9286,10.0,FraudAgent,refer,"{""approve"": 4, ""refer"": 5, ""reject"": 0}",approve,"{""approve"": 5, ""refer"": 4, ""reject"": 0}",approve,"{""approve"": 5, ""refer"": 4, ""reject"": 0}",False,False,approve,refer,approve,refer,approve,approve,refer
2026-05-18T12:06:49,B171,170,bad,reject,refer,False,True,True,False,1,approve,"{""approve"": 14, ""refer"": 7, ""reject"": 0}",False,False,approve,"{""approve"": 0.7714, ""refer"": 0.0, ""reject"": 0.0}",False,False,1,1.7143,1.2143,12.0,RouterManager,approve,"{""approve"": 6, ""refer"": 3, ""reject"": 0}",approve,"{""approve"": 6, ""refer"": 3, ""reject"": 0}",approve,"{""approve"": 6, ""refer"": 3, ""reject"": 0}",False,False,approve,approve,approve,approve,approve,approve,approve
2026-05-18T12:14:09,B172,171,good,approve,approve,True,True,False,False,0,approve,"{""approve"": 14, ""refer"": 7, ""reject"": 0}",True,True,approve,"{""approve"": 1.2, ""refer"": 0.0, ""reject"": 0.0}",True,True,0,2.0,1.5,14.0,RouterManager,approve,"{""approve"": 6, ""refer"": 3, ""reject"": 0}",approve,"{""approve"": 6, ""refer"": 3, ""reject"": 0}",approve,"{""approve"": 6, ""refer"": 3, ""reject"": 0}",True,True,approve,approve,approve,approve,approve,approve,approve
2026-05-18T12:20:24,B173,172,bad,reject,approve,False,False,False,False,0,approve,"{""approve"": 14, ""refer"": 7, ""reject"": 0}",False,False,approve,"{""approve"": 1.2, ""refer"": 0.0, ""reject"": 0.0}",False,False,0,2.4286,1.9286,17.0,RouterManager,approve,"{""approve"": 6, ""refer"": 3, ""reject"": 0}",approve,"{""approve"": 6, ""refer"": 3, ""reject"": 0}",approve,"{""approve"": 6, ""refer"": 3, ""reject"": 0}",False,False,approve,approve,approve,approve,approve,approve,approve
2026-05-18T12:27:09,B174,173,good,approve,approve,True,True,False,False,0,approve,"{""approve"": 14, ""refer"": 7, ""reject"": 0}",True,True,approve,"{""approve"": 1.2, ""refer"": 0.0, ""reject"": 0.0}",True,True,0,2.5714,2.0714,18.0,RouterManager,approve,"{""approve"": 6, ""refer"": 3, ""reject"": 0}",approve,"{""approve"": 6, ""refer"": 3, ""reject"": 0}",approve,"{""approve"": 6, ""refer"": 3, ""reject"": 0}",True,True,approve,approve,approve,approve,approve,approve,approve
2026-05-18T12:34:30,B175,174,bad,reject,approve,False,False,True,True,0,approve,"{""approve"": 13, ""refer"": 8, ""reject"": 0}",False,False,approve,"{""approve"": 0.8381, ""refer"": 0.6286, ""reject"": 0.0}",False,False,0,1.1429,0.6429,8.0,ComplianceAgent,approve,"{""approve"": 5, ""refer"": 4, ""reject"": 0}",approve,"{""approve"": 5, ""refer"": 4, ""reject"": 0}",approve,"{""approve"": 6, ""refer"": 3, ""reject"": 0}",False,False,approve,approve,refer,approve,approve,approve,approve
2026-05-18T12:41:59,B176,175,bad,reject,approve,False,False,True,True,1,approve,"{""approve"": 12, ""refer"": 9, ""reject"": 0}",False,False,approve,"{""approve"": 0.9829, ""refer"": 0.4786, ""reject"": 0.0}",False,False,1,0.8571,0.3571,6.0,FraudAgent,approve,"{""approve"": 5, ""refer"": 4, ""reject"": 0}",approve,"{""approve"": 6, ""refer"": 3, ""reject"": 0}",approve,"{""approve"": 5, ""refer"": 4, ""reject"": 0}",False,False,refer,refer,approve,approve,approve,approve,approve
2026-05-18T12:48:40,B177,176,good,approve,approve,True,True,False,False,0,approve,"{""approve"": 14, ""refer"": 7, ""reject"": 0}",True,True,approve,"{""approve"": 0.8, ""refer"": 0.0, ""reject"": 0.0}",True,True,0,2.1429,1.6429,15.0,RouterManager,approve,"{""approve"": 6, ""refer"": 3, ""reject"": 0}",approve,"{""approve"": 6, ""refer"": 3, ""reject"": 0}",approve,"{""approve"": 6, ""refer"": 3, ""reject"": 0}",True,True,approve,approve,approve,approve,approve,approve,approve
2026-05-18T12:55:05,B178,177,good,approve,approve,True,True,False,False,0,approve,"{""approve"": 14, ""refer"": 7, ""reject"": 0}",True,True,approve,"{""approve"": 1.2, ""refer"": 0.0, ""reject"": 0.0}",True,True,0,2.7143,2.2143,19.0,RouterManager,approve,"{""approve"": 6, ""refer"": 3, ""reject"": 0}",approve,"{""approve"": 6, ""refer"": 3, ""reject"": 0}",approve,"{""approve"": 6, ""refer"": 3, ""reject"": 0}",True,True,approve,approve,approve,approve,approve,approve,approve
2026-05-18T13:05:08,B179,178,good,approve,approve,True,True,True,True,3,refer,"{""approve"": 10, ""refer"": 11, ""reject"": 0}",False,False,approve,"{""approve"": 0.6857, ""refer"": 0.4786, ""reject"": 0.0}",True,True,0,0.8571,0.3571,6.0,RouterManager,refer,"{""approve"": 3, ""refer"": 6, ""reject"": 0}",refer,"{""approve"": 3, ""refer"": 6, ""reject"": 0}",refer,"{""approve"": 4, ""refer"": 5, ""reject"": 0}",False,False,approve,refer,refer,refer,refer,approve,approve
2026-05-18T13:17:49,B180,179,good,approve,refer,False,False,True,False,4,refer,"{""approve"": 7, ""refer"": 14, ""reject"": 0}",False,False,refer,"{""approve"": 0.0, ""refer"": 0.6857, ""reject"": 0.0}",False,False,1,1.0,0.5,7.0,RouterManager,refer,"{""approve"": 3, ""refer"": 6, ""reject"": 0}",refer,"{""approve"": 3, ""refer"": 6, ""reject"": 0}",refer,"{""approve"": 3, ""refer"": 6, ""reject"": 0}",False,False,refer,refer,refer,refer,refer,refer,refer
2026-05-18T14:00:31,B181,180,bad,reject,refer,False,True,True,False,2,refer,"{""approve"": 7, ""refer"": 14, ""reject"": 0}",False,True,refer,"{""approve"": 0.0, ""refer"": 0.8, ""reject"": 0.0}",False,True,1,1.8571,1.3571,13.0,IncomeAgent,refer,"{""approve"": 3, ""refer"": 6, ""reject"": 0}",refer,"{""approve"": 3, ""refer"": 6, ""reject"": 0}",refer,"{""approve"": 3, ""refer"": 6, ""reject"": 0}",False,True,refer,refer,refer,refer,refer,refer,refer
2026-05-18T14:06:50,B182,181,bad,reject,refer,False,True,True,False,1,approve,"{""approve"": 14, ""refer"": 7, ""reject"": 0}",False,False,approve,"{""approve"": 0.8286, ""refer"": 0.0, ""reject"": 0.0}",False,False,0,0.5714,0.0714,4.0,FraudAgent,approve,"{""approve"": 6, ""refer"": 3, ""reject"": 0}",approve,"{""approve"": 6, ""refer"": 3, ""reject"": 0}",approve,"{""approve"": 6, ""refer"": 3, ""reject"": 0}",False,False,approve,approve,approve,approve,approve,approve,approve
2026-05-18T14:12:37,B183,182,bad,reject,approve,False,False,False,False,0,approve,"{""approve"": 14, ""refer"": 7, ""reject"": 0}",False,False,approve,"{""approve"": 1.2, ""refer"": 0.0, ""reject"": 0.0}",False,False,0,2.1429,1.6429,15.0,RouterManager,approve,"{""approve"": 6, ""refer"": 3, ""reject"": 0}",approve,"{""approve"": 6, ""refer"": 3, ""reject"": 0}",approve,"{""approve"": 6, ""refer"": 3, ""reject"": 0}",False,False,approve,approve,approve,approve,approve,approve,approve
2026-05-18T14:17:58,B184,183,good,approve,approve,True,True,False,False,0,approve,"{""approve"": 14, ""refer"": 7, ""reject"": 0}",True,True,approve,"{""approve"": 1.2, ""refer"": 0.0, ""reject"": 0.0}",True,True,0,2.8571,2.3571,20.0,RouterManager,approve,"{""approve"": 6, ""refer"": 3, ""reject"": 0}",approve,"{""approve"": 6, ""refer"": 3, ""reject"": 0}",approve,"{""approve"": 6, ""refer"": 3, ""reject"": 0}",True,True,approve,approve,approve,approve,approve,approve,approve
2026-05-18T14:23:57,B185,184,bad,reject,approve,False,False,False,False,0,approve,"{""approve"": 14, ""refer"": 7, ""reject"": 0}",False,False,approve,"{""approve"": 1.2, ""refer"": 0.0, ""reject"": 0.0}",False,False,0,2.2857,1.7857,16.0,RouterManager,approve,"{""approve"": 6, ""refer"": 3, ""reject"": 0}",approve,"{""approve"": 6, ""refer"": 3, ""reject"": 0}",approve,"{""approve"": 6, ""refer"": 3, ""reject"": 0}",False,False,approve,approve,approve,approve,approve,approve,approve
2026-05-18T14:33:04,B186,185,good,approve,approve,True,True,False,False,0,approve,"{""approve"": 14, ""refer"": 7, ""reject"": 0}",True,True,approve,"{""approve"": 1.0857, ""refer"": 0.0, ""reject"": 0.0}",True,True,0,2.0,1.5,14.0,RouterManager,approve,"{""approve"": 6, ""refer"": 3, ""reject"": 0}",approve,"{""approve"": 6, ""refer"": 3, ""reject"": 0}",approve,"{""approve"": 6, ""refer"": 3, ""reject"": 0}",True,True,approve,approve,approve,approve,approve,approve,approve
2026-05-18T14:43:17,B187,186,bad,reject,refer,False,True,True,False,3,refer,"{""approve"": 7, ""refer"": 14, ""reject"": 0}",False,True,refer,"{""approve"": 0.0, ""refer"": 0.9429, ""reject"": 0.0}",False,True,1,2.8571,2.3571,20.0,RouterManager,refer,"{""approve"": 3, ""refer"": 6, ""reject"": 0}",refer,"{""approve"": 3, ""refer"": 6, ""reject"": 0}",refer,"{""approve"": 3, ""refer"": 6, ""reject"": 0}",False,True,refer,refer,refer,refer,refer,refer,refer
2026-05-18T14:53:17,B188,187,good,approve,reject,False,False,True,True,2,refer,"{""approve"": 9, ""refer"": 12, ""reject"": 0}",False,False,refer,"{""approve"": 0.6571, ""refer"": 0.6857, ""reject"": 0.0}",False,False,0,1.0,0.5,7.0,RouterManager,refer,"{""approve"": 4, ""refer"": 5, ""reject"": 0}",refer,"{""approve"": 3, ""refer"": 6, ""reject"": 0}",refer,"{""approve"": 3, ""refer"": 6, ""reject"": 0}",False,False,refer,approve,refer,refer,refer,refer,approve
2026-05-18T15:06:12,B189,188,bad,reject,approve,False,False,True,False,1,approve,"{""approve"": 14, ""refer"": 7, ""reject"": 0}",False,False,approve,"{""approve"": 1.1714, ""refer"": 0.0, ""reject"": 0.0}",False,False,0,2.1429,1.6429,15.0,RouterManager,approve,"{""approve"": 6, ""refer"": 3, ""reject"": 0}",approve,"{""approve"": 6, ""refer"": 3, ""reject"": 0}",approve,"{""approve"": 6, ""refer"": 3, ""reject"": 0}",False,False,approve,approve,approve,approve,approve,approve,approve
2026-05-18T15:13:12,B190,189,good,approve,approve,True,True,False,False,0,approve,"{""approve"": 14, ""refer"": 7, ""reject"": 0}",True,True,approve,"{""approve"": 1.2, ""refer"": 0.0, ""reject"": 0.0}",True,True,0,2.1429,1.6429,15.0,RouterManager,approve,"{""approve"": 6, ""refer"": 3, ""reject"": 0}",approve,"{""approve"": 6, ""refer"": 3, ""reject"": 0}",approve,"{""approve"": 6, ""refer"": 3, ""reject"": 0}",True,True,approve,approve,approve,approve,approve,approve,approve
2026-05-18T15:21:01,B191,190,bad,reject,approve,False,False,False,False,0,approve,"{""approve"": 14, ""refer"": 7, ""reject"": 0}",False,False,approve,"{""approve"": 1.2, ""refer"": 0.0, ""reject"": 0.0}",False,False,0,2.2857,1.7857,16.0,RouterManager,approve,"{""approve"": 6, ""refer"": 3, ""reject"": 0}",approve,"{""approve"": 6, ""refer"": 3, ""reject"": 0}",approve,"{""approve"": 6, ""refer"": 3, ""reject"": 0}",False,False,approve,approve,approve,approve,approve,approve,approve
2026-05-18T15:30:15,B192,191,bad,reject,approve,False,False,True,True,4,refer,"{""approve"": 8, ""refer"": 13, ""reject"": 0}",False,True,approve,"{""approve"": 1.0286, ""refer"": 0.7238, ""reject"": 0.0}",False,False,4,1.4286,0.9286,10.0,RouterManager,refer,"{""approve"": 3, ""refer"": 6, ""reject"": 0}",refer,"{""approve"": 4, ""refer"": 5, ""reject"": 0}",refer,"{""approve"": 3, ""refer"": 6, ""reject"": 0}",False,True,refer,refer,refer,refer,approve,refer,refer
2026-05-18T15:38:51,B193,192,bad,reject,approve,False,False,True,True,0,approve,"{""approve"": 13, ""refer"": 8, ""reject"": 0}",False,False,approve,"{""approve"": 0.9714, ""refer"": 0.6286, ""reject"": 0.0}",False,False,0,1.2857,0.7857,9.0,CreditAgent,approve,"{""approve"": 5, ""refer"": 4, ""reject"": 0}",approve,"{""approve"": 5, ""refer"": 4, ""reject"": 0}",approve,"{""approve"": 6, ""refer"": 3, ""reject"": 0}",False,False,approve,approve,refer,approve,approve,approve,approve
2026-05-18T15:47:49,B194,193,good,approve,refer,False,False,True,True,1,approve,"{""approve"": 13, ""refer"": 8, ""reject"": 0}",True,True,approve,"{""approve"": 0.7429, ""refer"": 0.6286, ""reject"": 0.0}",True,True,1,3.0,2.5,21.0,RouterManager,approve,"{""approve"": 5, ""refer"": 4, ""reject"": 0}",approve,"{""approve"": 6, ""refer"": 3, ""reject"": 0}",approve,"{""approve"": 6, ""refer"": 3, ""reject"": 0}",True,True,approve,refer,approve,approve,approve,approve,approve
2026-05-18T15:58:14,B195,194,bad,reject,refer,False,True,True,False,4,refer,"{""approve"": 7, ""refer"": 14, ""reject"": 0}",False,True,refer,"{""approve"": 0.0, ""refer"": 0.6857, ""reject"": 0.0}",False,True,2,0.8571,0.3571,6.0,RouterManager,refer,"{""approve"": 3, ""refer"": 6, ""reject"": 0}",refer,"{""approve"": 3, ""refer"": 6, ""reject"": 0}",refer,"{""approve"": 3, ""refer"": 6, ""reject"": 0}",False,True,refer,refer,refer,refer,refer,refer,refer
2026-05-18T16:06:26,B196,195,bad,reject,approve,False,False,False,False,0,approve,"{""approve"": 14, ""refer"": 7, ""reject"": 0}",False,False,approve,"{""approve"": 1.2, ""refer"": 0.0, ""reject"": 0.0}",False,False,0,2.8571,2.3571,20.0,RouterManager,approve,"{""approve"": 6, ""refer"": 3, ""reject"": 0}",approve,"{""approve"": 6, ""refer"": 3, ""reject"": 0}",approve,"{""approve"": 6, ""refer"": 3, ""reject"": 0}",False,False,approve,approve,approve,approve,approve,approve,approve
2026-05-18T16:14:22,B197,196,good,approve,approve,True,True,False,False,0,approve,"{""approve"": 14, ""refer"": 7, ""reject"": 0}",True,True,approve,"{""approve"": 1.2, ""refer"": 0.0, ""reject"": 0.0}",True,True,0,1.5714,1.0714,11.0,RouterManager,approve,"{""approve"": 6, ""refer"": 3, ""reject"": 0}",approve,"{""approve"": 6, ""refer"": 3, ""reject"": 0}",approve,"{""approve"": 6, ""refer"": 3, ""reject"": 0}",True,True,approve,approve,approve,approve,approve,approve,approve
2026-05-18T16:20:29,B198,197,bad,reject,approve,False,False,False,False,0,approve,"{""approve"": 14, ""refer"": 7, ""reject"": 0}",False,False,approve,"{""approve"": 1.2, ""refer"": 0.0, ""reject"": 0.0}",False,False,0,1.7143,1.2143,12.0,RouterManager,approve,"{""approve"": 6, ""refer"": 3, ""reject"": 0}",approve,"{""approve"": 6, ""refer"": 3, ""reject"": 0}",approve,"{""approve"": 6, ""refer"": 3, ""reject"": 0}",False,False,approve,approve,approve,approve,approve,approve,approve
2026-05-18T16:27:30,B199,198,good,approve,approve,True,True,False,False,0,approve,"{""approve"": 14, ""refer"": 7, ""reject"": 0}",True,True,approve,"{""approve"": 1.2, ""refer"": 0.0, ""reject"": 0.0}",True,True,0,1.0,0.5,7.0,RouterManager,approve,"{""approve"": 6, ""refer"": 3, ""reject"": 0}",approve,"{""approve"": 6, ""refer"": 3, ""reject"": 0}",approve,"{""approve"": 6, ""refer"": 3, ""reject"": 0}",True,True,approve,approve,approve,approve,approve,approve,approve
2026-05-18T16:34:28,B200,199,bad,reject,approve,False,False,False,False,0,approve,"{""approve"": 14, ""refer"": 7, ""reject"": 0}",False,False,approve,"{""approve"": 1.2, ""refer"": 0.0, ""reject"": 0.0}",False,False,0,1.5714,1.0714,11.0,RouterManager,approve,"{""approve"": 6, ""refer"": 3, ""reject"": 0}",approve,"{""approve"": 6, ""refer"": 3, ""reject"": 0}",approve,"{""approve"": 6, ""refer"": 3, ""reject"": 0}",False,False,approve,approve,approve,approve,approve,approve,approve
