loan_id,borrower_id,manager_name,income_vote,fraud_vote,credit_vote,compliance_vote,borda_winner,borda_scores,rank_assignments,kaggle_truth_label,expected_decision
1,B001,CreditManager,reject,refer,refer,,refer,"{""approve"": 2, ""refer"": 5, ""reject"": 2}","{""IncomeAgent"": [""reject"", ""refer"", ""approve""], ""FraudAgent"": [""refer"", ""approve"", ""reject""], ""CreditAgent"": [""refer"", ""approve"", ""reject""]}",good,approve
1,B001,ComplianceManager,,refer,refer,refer,refer,"{""approve"": 3, ""refer"": 6, ""reject"": 0}","{""FraudAgent"": [""refer"", ""approve"", ""reject""], ""CreditAgent"": [""refer"", ""approve"", ""reject""], ""ComplianceAgent"": [""refer"", ""approve"", ""reject""]}",good,approve
2,B002,CreditManager,reject,refer,refer,,refer,"{""approve"": 2, ""refer"": 5, ""reject"": 2}","{""IncomeAgent"": [""reject"", ""refer"", ""approve""], ""FraudAgent"": [""refer"", ""approve"", ""reject""], ""CreditAgent"": [""refer"", ""approve"", ""reject""]}",bad,reject
2,B002,ComplianceManager,,refer,refer,unknown,refer,"{""approve"": 3, ""refer"": 6, ""reject"": 0}","{""FraudAgent"": [""refer"", ""approve"", ""reject""], ""CreditAgent"": [""refer"", ""approve"", ""reject""], ""ComplianceAgent"": [""refer"", ""approve"", ""reject""]}",bad,reject
3,B003,CreditManager,refer,refer,refer,,refer,"{""approve"": 3, ""refer"": 6, ""reject"": 0}","{""IncomeAgent"": [""refer"", ""approve"", ""reject""], ""FraudAgent"": [""refer"", ""approve"", ""reject""], ""CreditAgent"": [""refer"", ""approve"", ""reject""]}",good,approve
3,B003,ComplianceManager,,refer,refer,refer,refer,"{""approve"": 3, ""refer"": 6, ""reject"": 0}","{""FraudAgent"": [""refer"", ""approve"", ""reject""], ""CreditAgent"": [""refer"", ""approve"", ""reject""], ""ComplianceAgent"": [""refer"", ""approve"", ""reject""]}",good,approve
4,B004,CreditManager,reject,refer,refer,,refer,"{""approve"": 2, ""refer"": 5, ""reject"": 2}","{""IncomeAgent"": [""reject"", ""refer"", ""approve""], ""FraudAgent"": [""refer"", ""approve"", ""reject""], ""CreditAgent"": [""refer"", ""approve"", ""reject""]}",good,approve
4,B004,ComplianceManager,,refer,refer,refer,refer,"{""approve"": 3, ""refer"": 6, ""reject"": 0}","{""FraudAgent"": [""refer"", ""approve"", ""reject""], ""CreditAgent"": [""refer"", ""approve"", ""reject""], ""ComplianceAgent"": [""refer"", ""approve"", ""reject""]}",good,approve
5,B005,CreditManager,refer,reject,approve,,refer,"{""approve"": 3, ""refer"": 4, ""reject"": 2}","{""IncomeAgent"": [""refer"", ""approve"", ""reject""], ""FraudAgent"": [""reject"", ""refer"", ""approve""], ""CreditAgent"": [""approve"", ""refer"", ""reject""]}",bad,reject
5,B005,ComplianceManager,,reject,approve,refer,refer,"{""approve"": 3, ""refer"": 4, ""reject"": 2}","{""FraudAgent"": [""reject"", ""refer"", ""approve""], ""CreditAgent"": [""approve"", ""refer"", ""reject""], ""ComplianceAgent"": [""refer"", ""approve"", ""reject""]}",bad,reject
6,B006,CreditManager,approve,refer,refer,,refer,"{""approve"": 4, ""refer"": 5, ""reject"": 0}","{""IncomeAgent"": [""approve"", ""refer"", ""reject""], ""FraudAgent"": [""refer"", ""approve"", ""reject""], ""CreditAgent"": [""refer"", ""approve"", ""reject""]}",good,approve
6,B006,ComplianceManager,,refer,refer,refer,refer,"{""approve"": 3, ""refer"": 6, ""reject"": 0}","{""FraudAgent"": [""refer"", ""approve"", ""reject""], ""CreditAgent"": [""refer"", ""approve"", ""reject""], ""ComplianceAgent"": [""refer"", ""approve"", ""reject""]}",good,approve
7,B007,CreditManager,approve,refer,approve,,approve,"{""approve"": 5, ""refer"": 4, ""reject"": 0}","{""IncomeAgent"": [""approve"", ""refer"", ""reject""], ""FraudAgent"": [""refer"", ""approve"", ""reject""], ""CreditAgent"": [""approve"", ""refer"", ""reject""]}",good,approve
7,B007,ComplianceManager,,refer,approve,refer,refer,"{""approve"": 4, ""refer"": 5, ""reject"": 0}","{""FraudAgent"": [""refer"", ""approve"", ""reject""], ""CreditAgent"": [""approve"", ""refer"", ""reject""], ""ComplianceAgent"": [""refer"", ""approve"", ""reject""]}",good,approve
8,B008,CreditManager,refer,refer,refer,,refer,"{""approve"": 3, ""refer"": 6, ""reject"": 0}","{""IncomeAgent"": [""refer"", ""approve"", ""reject""], ""FraudAgent"": [""refer"", ""approve"", ""reject""], ""CreditAgent"": [""refer"", ""approve"", ""reject""]}",good,approve
8,B008,ComplianceManager,,refer,refer,refer,refer,"{""approve"": 3, ""refer"": 6, ""reject"": 0}","{""FraudAgent"": [""refer"", ""approve"", ""reject""], ""CreditAgent"": [""refer"", ""approve"", ""reject""], ""ComplianceAgent"": [""refer"", ""approve"", ""reject""]}",good,approve
9,B009,CreditManager,approve,refer,approve,,approve,"{""approve"": 5, ""refer"": 4, ""reject"": 0}","{""IncomeAgent"": [""approve"", ""refer"", ""reject""], ""FraudAgent"": [""refer"", ""approve"", ""reject""], ""CreditAgent"": [""approve"", ""refer"", ""reject""]}",good,approve
9,B009,ComplianceManager,,refer,approve,approve,approve,"{""approve"": 5, ""refer"": 4, ""reject"": 0}","{""FraudAgent"": [""refer"", ""approve"", ""reject""], ""CreditAgent"": [""approve"", ""refer"", ""reject""], ""ComplianceAgent"": [""approve"", ""refer"", ""reject""]}",good,approve
10,B010,CreditManager,refer,approve,approve,,approve,"{""approve"": 5, ""refer"": 4, ""reject"": 0}","{""IncomeAgent"": [""refer"", ""approve"", ""reject""], ""FraudAgent"": [""approve"", ""refer"", ""reject""], ""CreditAgent"": [""approve"", ""refer"", ""reject""]}",bad,reject
10,B010,ComplianceManager,,approve,approve,approve,approve,"{""approve"": 6, ""refer"": 3, ""reject"": 0}","{""FraudAgent"": [""approve"", ""refer"", ""reject""], ""CreditAgent"": [""approve"", ""refer"", ""reject""], ""ComplianceAgent"": [""approve"", ""refer"", ""reject""]}",bad,reject
11,B011,CreditManager,reject,refer,refer,,refer,"{""approve"": 2, ""refer"": 5, ""reject"": 2}","{""IncomeAgent"": [""reject"", ""refer"", ""approve""], ""FraudAgent"": [""refer"", ""approve"", ""reject""], ""CreditAgent"": [""refer"", ""approve"", ""reject""]}",bad,reject
11,B011,ComplianceManager,,refer,refer,refer,refer,"{""approve"": 3, ""refer"": 6, ""reject"": 0}","{""FraudAgent"": [""refer"", ""approve"", ""reject""], ""CreditAgent"": [""refer"", ""approve"", ""reject""], ""ComplianceAgent"": [""refer"", ""approve"", ""reject""]}",bad,reject
12,B012,CreditManager,reject,refer,approve,,refer,"{""approve"": 3, ""refer"": 4, ""reject"": 2}","{""IncomeAgent"": [""reject"", ""refer"", ""approve""], ""FraudAgent"": [""refer"", ""approve"", ""reject""], ""CreditAgent"": [""approve"", ""refer"", ""reject""]}",bad,reject
12,B012,ComplianceManager,,refer,approve,refer,refer,"{""approve"": 4, ""refer"": 5, ""reject"": 0}","{""FraudAgent"": [""refer"", ""approve"", ""reject""], ""CreditAgent"": [""approve"", ""refer"", ""reject""], ""ComplianceAgent"": [""refer"", ""approve"", ""reject""]}",bad,reject
13,B013,CreditManager,reject,refer,refer,,refer,"{""approve"": 2, ""refer"": 5, ""reject"": 2}","{""IncomeAgent"": [""reject"", ""refer"", ""approve""], ""FraudAgent"": [""refer"", ""approve"", ""reject""], ""CreditAgent"": [""refer"", ""approve"", ""reject""]}",good,approve
13,B013,ComplianceManager,,refer,refer,approve,refer,"{""approve"": 4, ""refer"": 5, ""reject"": 0}","{""FraudAgent"": [""refer"", ""approve"", ""reject""], ""CreditAgent"": [""refer"", ""approve"", ""reject""], ""ComplianceAgent"": [""approve"", ""refer"", ""reject""]}",good,approve
14,B014,CreditManager,refer,refer,refer,,refer,"{""approve"": 3, ""refer"": 6, ""reject"": 0}","{""IncomeAgent"": [""refer"", ""approve"", ""reject""], ""FraudAgent"": [""refer"", ""approve"", ""reject""], ""CreditAgent"": [""refer"", ""approve"", ""reject""]}",bad,reject
14,B014,ComplianceManager,,refer,refer,refer,refer,"{""approve"": 3, ""refer"": 6, ""reject"": 0}","{""FraudAgent"": [""refer"", ""approve"", ""reject""], ""CreditAgent"": [""refer"", ""approve"", ""reject""], ""ComplianceAgent"": [""refer"", ""approve"", ""reject""]}",bad,reject
15,B015,CreditManager,reject,refer,refer,,refer,"{""approve"": 2, ""refer"": 5, ""reject"": 2}","{""IncomeAgent"": [""reject"", ""refer"", ""approve""], ""FraudAgent"": [""refer"", ""approve"", ""reject""], ""CreditAgent"": [""refer"", ""approve"", ""reject""]}",good,approve
15,B015,ComplianceManager,,refer,refer,refer,refer,"{""approve"": 3, ""refer"": 6, ""reject"": 0}","{""FraudAgent"": [""refer"", ""approve"", ""reject""], ""CreditAgent"": [""refer"", ""approve"", ""reject""], ""ComplianceAgent"": [""refer"", ""approve"", ""reject""]}",good,approve
16,B016,CreditManager,approve,refer,approve,,approve,"{""approve"": 5, ""refer"": 4, ""reject"": 0}","{""IncomeAgent"": [""approve"", ""refer"", ""reject""], ""FraudAgent"": [""refer"", ""approve"", ""reject""], ""CreditAgent"": [""approve"", ""refer"", ""reject""]}",bad,reject
16,B016,ComplianceManager,,refer,approve,approve,approve,"{""approve"": 5, ""refer"": 4, ""reject"": 0}","{""FraudAgent"": [""refer"", ""approve"", ""reject""], ""CreditAgent"": [""approve"", ""refer"", ""reject""], ""ComplianceAgent"": [""approve"", ""refer"", ""reject""]}",bad,reject
17,B017,CreditManager,reject,refer,unknown,,refer,"{""approve"": 2, ""refer"": 5, ""reject"": 2}","{""IncomeAgent"": [""reject"", ""refer"", ""approve""], ""FraudAgent"": [""refer"", ""approve"", ""reject""], ""CreditAgent"": [""refer"", ""approve"", ""reject""]}",good,approve
17,B017,ComplianceManager,,refer,unknown,refer,refer,"{""approve"": 3, ""refer"": 6, ""reject"": 0}","{""FraudAgent"": [""refer"", ""approve"", ""reject""], ""CreditAgent"": [""refer"", ""approve"", ""reject""], ""ComplianceAgent"": [""refer"", ""approve"", ""reject""]}",good,approve
18,B018,CreditManager,reject,refer,reject,,refer,"{""approve"": 1, ""refer"": 4, ""reject"": 4}","{""IncomeAgent"": [""reject"", ""refer"", ""approve""], ""FraudAgent"": [""refer"", ""approve"", ""reject""], ""CreditAgent"": [""reject"", ""refer"", ""approve""]}",good,approve
18,B018,ComplianceManager,,refer,reject,refer,refer,"{""approve"": 2, ""refer"": 5, ""reject"": 2}","{""FraudAgent"": [""refer"", ""approve"", ""reject""], ""CreditAgent"": [""reject"", ""refer"", ""approve""], ""ComplianceAgent"": [""refer"", ""approve"", ""reject""]}",good,approve
19,B019,CreditManager,refer,refer,refer,,refer,"{""approve"": 3, ""refer"": 6, ""reject"": 0}","{""IncomeAgent"": [""refer"", ""approve"", ""reject""], ""FraudAgent"": [""refer"", ""approve"", ""reject""], ""CreditAgent"": [""refer"", ""approve"", ""reject""]}",bad,reject
19,B019,ComplianceManager,,refer,refer,refer,refer,"{""approve"": 3, ""refer"": 6, ""reject"": 0}","{""FraudAgent"": [""refer"", ""approve"", ""reject""], ""CreditAgent"": [""refer"", ""approve"", ""reject""], ""ComplianceAgent"": [""refer"", ""approve"", ""reject""]}",bad,reject
20,B020,CreditManager,reject,refer,approve,,refer,"{""approve"": 3, ""refer"": 4, ""reject"": 2}","{""IncomeAgent"": [""reject"", ""refer"", ""approve""], ""FraudAgent"": [""refer"", ""approve"", ""reject""], ""CreditAgent"": [""approve"", ""refer"", ""reject""]}",good,approve
20,B020,ComplianceManager,,refer,approve,approve,approve,"{""approve"": 5, ""refer"": 4, ""reject"": 0}","{""FraudAgent"": [""refer"", ""approve"", ""reject""], ""CreditAgent"": [""approve"", ""refer"", ""reject""], ""ComplianceAgent"": [""approve"", ""refer"", ""reject""]}",good,approve
21,B021,CreditManager,reject,refer,refer,,refer,"{""approve"": 2, ""refer"": 5, ""reject"": 2}","{""IncomeAgent"": [""reject"", ""refer"", ""approve""], ""FraudAgent"": [""refer"", ""approve"", ""reject""], ""CreditAgent"": [""refer"", ""approve"", ""reject""]}",good,approve
21,B021,ComplianceManager,,refer,refer,refer,refer,"{""approve"": 3, ""refer"": 6, ""reject"": 0}","{""FraudAgent"": [""refer"", ""approve"", ""reject""], ""CreditAgent"": [""refer"", ""approve"", ""reject""], ""ComplianceAgent"": [""refer"", ""approve"", ""reject""]}",good,approve
22,B022,CreditManager,approve,refer,approve,,approve,"{""approve"": 5, ""refer"": 4, ""reject"": 0}","{""IncomeAgent"": [""approve"", ""refer"", ""reject""], ""FraudAgent"": [""refer"", ""approve"", ""reject""], ""CreditAgent"": [""approve"", ""refer"", ""reject""]}",good,approve
22,B022,ComplianceManager,,refer,approve,approve,approve,"{""approve"": 5, ""refer"": 4, ""reject"": 0}","{""FraudAgent"": [""refer"", ""approve"", ""reject""], ""CreditAgent"": [""approve"", ""refer"", ""reject""], ""ComplianceAgent"": [""approve"", ""refer"", ""reject""]}",good,approve
23,B023,CreditManager,reject,refer,refer,,refer,"{""approve"": 2, ""refer"": 5, ""reject"": 2}","{""IncomeAgent"": [""reject"", ""refer"", ""approve""], ""FraudAgent"": [""refer"", ""approve"", ""reject""], ""CreditAgent"": [""refer"", ""approve"", ""reject""]}",good,approve
23,B023,ComplianceManager,,refer,refer,refer,refer,"{""approve"": 3, ""refer"": 6, ""reject"": 0}","{""FraudAgent"": [""refer"", ""approve"", ""reject""], ""CreditAgent"": [""refer"", ""approve"", ""reject""], ""ComplianceAgent"": [""refer"", ""approve"", ""reject""]}",good,approve
24,B024,CreditManager,approve,refer,approve,,approve,"{""approve"": 5, ""refer"": 4, ""reject"": 0}","{""IncomeAgent"": [""approve"", ""refer"", ""reject""], ""FraudAgent"": [""refer"", ""approve"", ""reject""], ""CreditAgent"": [""approve"", ""refer"", ""reject""]}",good,approve
24,B024,ComplianceManager,,refer,approve,approve,approve,"{""approve"": 5, ""refer"": 4, ""reject"": 0}","{""FraudAgent"": [""refer"", ""approve"", ""reject""], ""CreditAgent"": [""approve"", ""refer"", ""reject""], ""ComplianceAgent"": [""approve"", ""refer"", ""reject""]}",good,approve
25,B025,CreditManager,refer,refer,refer,,refer,"{""approve"": 3, ""refer"": 6, ""reject"": 0}","{""IncomeAgent"": [""refer"", ""approve"", ""reject""], ""FraudAgent"": [""refer"", ""approve"", ""reject""], ""CreditAgent"": [""refer"", ""approve"", ""reject""]}",good,approve
25,B025,ComplianceManager,,refer,refer,refer,refer,"{""approve"": 3, ""refer"": 6, ""reject"": 0}","{""FraudAgent"": [""refer"", ""approve"", ""reject""], ""CreditAgent"": [""refer"", ""approve"", ""reject""], ""ComplianceAgent"": [""refer"", ""approve"", ""reject""]}",good,approve
26,B026,CreditManager,reject,refer,approve,,refer,"{""approve"": 3, ""refer"": 4, ""reject"": 2}","{""IncomeAgent"": [""reject"", ""refer"", ""approve""], ""FraudAgent"": [""refer"", ""approve"", ""reject""], ""CreditAgent"": [""approve"", ""refer"", ""reject""]}",good,approve
26,B026,ComplianceManager,,refer,approve,approve,approve,"{""approve"": 5, ""refer"": 4, ""reject"": 0}","{""FraudAgent"": [""refer"", ""approve"", ""reject""], ""CreditAgent"": [""approve"", ""refer"", ""reject""], ""ComplianceAgent"": [""approve"", ""refer"", ""reject""]}",good,approve
27,B027,CreditManager,reject,refer,refer,,refer,"{""approve"": 2, ""refer"": 5, ""reject"": 2}","{""IncomeAgent"": [""reject"", ""refer"", ""approve""], ""FraudAgent"": [""refer"", ""approve"", ""reject""], ""CreditAgent"": [""refer"", ""approve"", ""reject""]}",good,approve
27,B027,ComplianceManager,,refer,refer,refer,refer,"{""approve"": 3, ""refer"": 6, ""reject"": 0}","{""FraudAgent"": [""refer"", ""approve"", ""reject""], ""CreditAgent"": [""refer"", ""approve"", ""reject""], ""ComplianceAgent"": [""refer"", ""approve"", ""reject""]}",good,approve
28,B028,CreditManager,approve,approve,approve,,approve,"{""approve"": 6, ""refer"": 3, ""reject"": 0}","{""IncomeAgent"": [""approve"", ""refer"", ""reject""], ""FraudAgent"": [""approve"", ""refer"", ""reject""], ""CreditAgent"": [""approve"", ""refer"", ""reject""]}",good,approve
28,B028,ComplianceManager,,approve,approve,approve,approve,"{""approve"": 6, ""refer"": 3, ""reject"": 0}","{""FraudAgent"": [""approve"", ""refer"", ""reject""], ""CreditAgent"": [""approve"", ""refer"", ""reject""], ""ComplianceAgent"": [""approve"", ""refer"", ""reject""]}",good,approve
29,B029,CreditManager,approve,refer,approve,,approve,"{""approve"": 5, ""refer"": 4, ""reject"": 0}","{""IncomeAgent"": [""approve"", ""refer"", ""reject""], ""FraudAgent"": [""refer"", ""approve"", ""reject""], ""CreditAgent"": [""approve"", ""refer"", ""reject""]}",good,approve
29,B029,ComplianceManager,,refer,approve,approve,approve,"{""approve"": 5, ""refer"": 4, ""reject"": 0}","{""FraudAgent"": [""refer"", ""approve"", ""reject""], ""CreditAgent"": [""approve"", ""refer"", ""reject""], ""ComplianceAgent"": [""approve"", ""refer"", ""reject""]}",good,approve
30,B030,CreditManager,refer,refer,refer,,refer,"{""approve"": 3, ""refer"": 6, ""reject"": 0}","{""IncomeAgent"": [""refer"", ""approve"", ""reject""], ""FraudAgent"": [""refer"", ""approve"", ""reject""], ""CreditAgent"": [""refer"", ""approve"", ""reject""]}",bad,reject
30,B030,ComplianceManager,,refer,refer,refer,refer,"{""approve"": 3, ""refer"": 6, ""reject"": 0}","{""FraudAgent"": [""refer"", ""approve"", ""reject""], ""CreditAgent"": [""refer"", ""approve"", ""reject""], ""ComplianceAgent"": [""refer"", ""approve"", ""reject""]}",bad,reject
31,B031,CreditManager,reject,approve,approve,,approve,"{""approve"": 4, ""refer"": 3, ""reject"": 2}","{""IncomeAgent"": [""reject"", ""refer"", ""approve""], ""FraudAgent"": [""approve"", ""refer"", ""reject""], ""CreditAgent"": [""approve"", ""refer"", ""reject""]}",good,approve
31,B031,ComplianceManager,,approve,approve,refer,approve,"{""approve"": 5, ""refer"": 4, ""reject"": 0}","{""FraudAgent"": [""approve"", ""refer"", ""reject""], ""CreditAgent"": [""approve"", ""refer"", ""reject""], ""ComplianceAgent"": [""refer"", ""approve"", ""reject""]}",good,approve
32,B032,CreditManager,reject,refer,approve,,refer,"{""approve"": 3, ""refer"": 4, ""reject"": 2}","{""IncomeAgent"": [""reject"", ""refer"", ""approve""], ""FraudAgent"": [""refer"", ""approve"", ""reject""], ""CreditAgent"": [""approve"", ""refer"", ""reject""]}",good,approve
32,B032,ComplianceManager,,refer,approve,refer,refer,"{""approve"": 4, ""refer"": 5, ""reject"": 0}","{""FraudAgent"": [""refer"", ""approve"", ""reject""], ""CreditAgent"": [""approve"", ""refer"", ""reject""], ""ComplianceAgent"": [""refer"", ""approve"", ""reject""]}",good,approve
33,B033,CreditManager,approve,approve,approve,,approve,"{""approve"": 6, ""refer"": 3, ""reject"": 0}","{""IncomeAgent"": [""approve"", ""refer"", ""reject""], ""FraudAgent"": [""approve"", ""refer"", ""reject""], ""CreditAgent"": [""approve"", ""refer"", ""reject""]}",good,approve
33,B033,ComplianceManager,,approve,approve,approve,approve,"{""approve"": 6, ""refer"": 3, ""reject"": 0}","{""FraudAgent"": [""approve"", ""refer"", ""reject""], ""CreditAgent"": [""approve"", ""refer"", ""reject""], ""ComplianceAgent"": [""approve"", ""refer"", ""reject""]}",good,approve
34,B034,CreditManager,reject,refer,refer,,refer,"{""approve"": 2, ""refer"": 5, ""reject"": 2}","{""IncomeAgent"": [""reject"", ""refer"", ""approve""], ""FraudAgent"": [""refer"", ""approve"", ""reject""], ""CreditAgent"": [""refer"", ""approve"", ""reject""]}",good,approve
34,B034,ComplianceManager,,refer,refer,refer,refer,"{""approve"": 3, ""refer"": 6, ""reject"": 0}","{""FraudAgent"": [""refer"", ""approve"", ""reject""], ""CreditAgent"": [""refer"", ""approve"", ""reject""], ""ComplianceAgent"": [""refer"", ""approve"", ""reject""]}",good,approve
35,B035,CreditManager,approve,approve,approve,,approve,"{""approve"": 6, ""refer"": 3, ""reject"": 0}","{""IncomeAgent"": [""approve"", ""refer"", ""reject""], ""FraudAgent"": [""approve"", ""refer"", ""reject""], ""CreditAgent"": [""approve"", ""refer"", ""reject""]}",good,approve
35,B035,ComplianceManager,,approve,approve,approve,approve,"{""approve"": 6, ""refer"": 3, ""reject"": 0}","{""FraudAgent"": [""approve"", ""refer"", ""reject""], ""CreditAgent"": [""approve"", ""refer"", ""reject""], ""ComplianceAgent"": [""approve"", ""refer"", ""reject""]}",good,approve
36,B036,CreditManager,refer,refer,approve,,refer,"{""approve"": 4, ""refer"": 5, ""reject"": 0}","{""IncomeAgent"": [""refer"", ""approve"", ""reject""], ""FraudAgent"": [""refer"", ""approve"", ""reject""], ""CreditAgent"": [""approve"", ""refer"", ""reject""]}",bad,reject
36,B036,ComplianceManager,,refer,approve,approve,approve,"{""approve"": 5, ""refer"": 4, ""reject"": 0}","{""FraudAgent"": [""refer"", ""approve"", ""reject""], ""CreditAgent"": [""approve"", ""refer"", ""reject""], ""ComplianceAgent"": [""approve"", ""refer"", ""reject""]}",bad,reject
37,B037,CreditManager,unknown,refer,refer,,refer,"{""approve"": 3, ""refer"": 6, ""reject"": 0}","{""IncomeAgent"": [""refer"", ""approve"", ""reject""], ""FraudAgent"": [""refer"", ""approve"", ""reject""], ""CreditAgent"": [""refer"", ""approve"", ""reject""]}",good,approve
37,B037,ComplianceManager,,refer,refer,refer,refer,"{""approve"": 3, ""refer"": 6, ""reject"": 0}","{""FraudAgent"": [""refer"", ""approve"", ""reject""], ""CreditAgent"": [""refer"", ""approve"", ""reject""], ""ComplianceAgent"": [""refer"", ""approve"", ""reject""]}",good,approve
38,B038,CreditManager,refer,refer,approve,,refer,"{""approve"": 4, ""refer"": 5, ""reject"": 0}","{""IncomeAgent"": [""refer"", ""approve"", ""reject""], ""FraudAgent"": [""refer"", ""approve"", ""reject""], ""CreditAgent"": [""approve"", ""refer"", ""reject""]}",bad,reject
38,B038,ComplianceManager,,refer,approve,approve,approve,"{""approve"": 5, ""refer"": 4, ""reject"": 0}","{""FraudAgent"": [""refer"", ""approve"", ""reject""], ""CreditAgent"": [""approve"", ""refer"", ""reject""], ""ComplianceAgent"": [""approve"", ""refer"", ""reject""]}",bad,reject
39,B039,CreditManager,approve,approve,approve,,approve,"{""approve"": 6, ""refer"": 3, ""reject"": 0}","{""IncomeAgent"": [""approve"", ""refer"", ""reject""], ""FraudAgent"": [""approve"", ""refer"", ""reject""], ""CreditAgent"": [""approve"", ""refer"", ""reject""]}",good,approve
39,B039,ComplianceManager,,approve,approve,approve,approve,"{""approve"": 6, ""refer"": 3, ""reject"": 0}","{""FraudAgent"": [""approve"", ""refer"", ""reject""], ""CreditAgent"": [""approve"", ""refer"", ""reject""], ""ComplianceAgent"": [""approve"", ""refer"", ""reject""]}",good,approve
40,B040,CreditManager,approve,approve,refer,,approve,"{""approve"": 5, ""refer"": 4, ""reject"": 0}","{""IncomeAgent"": [""approve"", ""refer"", ""reject""], ""FraudAgent"": [""approve"", ""refer"", ""reject""], ""CreditAgent"": [""refer"", ""approve"", ""reject""]}",good,approve
40,B040,ComplianceManager,,approve,refer,approve,approve,"{""approve"": 5, ""refer"": 4, ""reject"": 0}","{""FraudAgent"": [""approve"", ""refer"", ""reject""], ""CreditAgent"": [""refer"", ""approve"", ""reject""], ""ComplianceAgent"": [""approve"", ""refer"", ""reject""]}",good,approve
41,B041,CreditManager,reject,refer,approve,,refer,"{""approve"": 3, ""refer"": 4, ""reject"": 2}","{""IncomeAgent"": [""reject"", ""refer"", ""approve""], ""FraudAgent"": [""refer"", ""approve"", ""reject""], ""CreditAgent"": [""approve"", ""refer"", ""reject""]}",good,approve
41,B041,ComplianceManager,,refer,approve,approve,approve,"{""approve"": 5, ""refer"": 4, ""reject"": 0}","{""FraudAgent"": [""refer"", ""approve"", ""reject""], ""CreditAgent"": [""approve"", ""refer"", ""reject""], ""ComplianceAgent"": [""approve"", ""refer"", ""reject""]}",good,approve
42,B042,CreditManager,approve,approve,approve,,approve,"{""approve"": 6, ""refer"": 3, ""reject"": 0}","{""IncomeAgent"": [""approve"", ""refer"", ""reject""], ""FraudAgent"": [""approve"", ""refer"", ""reject""], ""CreditAgent"": [""approve"", ""refer"", ""reject""]}",good,approve
42,B042,ComplianceManager,,approve,approve,approve,approve,"{""approve"": 6, ""refer"": 3, ""reject"": 0}","{""FraudAgent"": [""approve"", ""refer"", ""reject""], ""CreditAgent"": [""approve"", ""refer"", ""reject""], ""ComplianceAgent"": [""approve"", ""refer"", ""reject""]}",good,approve
43,B043,CreditManager,reject,refer,approve,,refer,"{""approve"": 3, ""refer"": 4, ""reject"": 2}","{""IncomeAgent"": [""reject"", ""refer"", ""approve""], ""FraudAgent"": [""refer"", ""approve"", ""reject""], ""CreditAgent"": [""approve"", ""refer"", ""reject""]}",good,approve
43,B043,ComplianceManager,,refer,approve,refer,refer,"{""approve"": 4, ""refer"": 5, ""reject"": 0}","{""FraudAgent"": [""refer"", ""approve"", ""reject""], ""CreditAgent"": [""approve"", ""refer"", ""reject""], ""ComplianceAgent"": [""refer"", ""approve"", ""reject""]}",good,approve
44,B044,CreditManager,reject,refer,refer,,refer,"{""approve"": 2, ""refer"": 5, ""reject"": 2}","{""IncomeAgent"": [""reject"", ""refer"", ""approve""], ""FraudAgent"": [""refer"", ""approve"", ""reject""], ""CreditAgent"": [""refer"", ""approve"", ""reject""]}",good,approve
44,B044,ComplianceManager,,refer,refer,refer,refer,"{""approve"": 3, ""refer"": 6, ""reject"": 0}","{""FraudAgent"": [""refer"", ""approve"", ""reject""], ""CreditAgent"": [""refer"", ""approve"", ""reject""], ""ComplianceAgent"": [""refer"", ""approve"", ""reject""]}",good,approve
45,B045,CreditManager,refer,refer,refer,,refer,"{""approve"": 3, ""refer"": 6, ""reject"": 0}","{""IncomeAgent"": [""refer"", ""approve"", ""reject""], ""FraudAgent"": [""refer"", ""approve"", ""reject""], ""CreditAgent"": [""refer"", ""approve"", ""reject""]}",bad,reject
45,B045,ComplianceManager,,refer,refer,approve,refer,"{""approve"": 4, ""refer"": 5, ""reject"": 0}","{""FraudAgent"": [""refer"", ""approve"", ""reject""], ""CreditAgent"": [""refer"", ""approve"", ""reject""], ""ComplianceAgent"": [""approve"", ""refer"", ""reject""]}",bad,reject
46,B046,CreditManager,unknown,unknown,refer,,refer,"{""approve"": 3, ""refer"": 6, ""reject"": 0}","{""IncomeAgent"": [""refer"", ""approve"", ""reject""], ""FraudAgent"": [""refer"", ""approve"", ""reject""], ""CreditAgent"": [""refer"", ""approve"", ""reject""]}",good,approve
46,B046,ComplianceManager,,unknown,refer,refer,refer,"{""approve"": 3, ""refer"": 6, ""reject"": 0}","{""FraudAgent"": [""refer"", ""approve"", ""reject""], ""CreditAgent"": [""refer"", ""approve"", ""reject""], ""ComplianceAgent"": [""refer"", ""approve"", ""reject""]}",good,approve
47,B047,CreditManager,reject,refer,approve,,refer,"{""approve"": 3, ""refer"": 4, ""reject"": 2}","{""IncomeAgent"": [""reject"", ""refer"", ""approve""], ""FraudAgent"": [""refer"", ""approve"", ""reject""], ""CreditAgent"": [""approve"", ""refer"", ""reject""]}",good,approve
47,B047,ComplianceManager,,refer,approve,approve,approve,"{""approve"": 5, ""refer"": 4, ""reject"": 0}","{""FraudAgent"": [""refer"", ""approve"", ""reject""], ""CreditAgent"": [""approve"", ""refer"", ""reject""], ""ComplianceAgent"": [""approve"", ""refer"", ""reject""]}",good,approve
48,B048,CreditManager,unknown,refer,refer,,refer,"{""approve"": 3, ""refer"": 6, ""reject"": 0}","{""IncomeAgent"": [""refer"", ""approve"", ""reject""], ""FraudAgent"": [""refer"", ""approve"", ""reject""], ""CreditAgent"": [""refer"", ""approve"", ""reject""]}",good,approve
48,B048,ComplianceManager,,refer,refer,approve,refer,"{""approve"": 4, ""refer"": 5, ""reject"": 0}","{""FraudAgent"": [""refer"", ""approve"", ""reject""], ""CreditAgent"": [""refer"", ""approve"", ""reject""], ""ComplianceAgent"": [""approve"", ""refer"", ""reject""]}",good,approve
49,B049,CreditManager,refer,refer,refer,,refer,"{""approve"": 3, ""refer"": 6, ""reject"": 0}","{""IncomeAgent"": [""refer"", ""approve"", ""reject""], ""FraudAgent"": [""refer"", ""approve"", ""reject""], ""CreditAgent"": [""refer"", ""approve"", ""reject""]}",good,approve
49,B049,ComplianceManager,,refer,refer,refer,refer,"{""approve"": 3, ""refer"": 6, ""reject"": 0}","{""FraudAgent"": [""refer"", ""approve"", ""reject""], ""CreditAgent"": [""refer"", ""approve"", ""reject""], ""ComplianceAgent"": [""refer"", ""approve"", ""reject""]}",good,approve
50,B050,CreditManager,reject,approve,approve,,approve,"{""approve"": 4, ""refer"": 3, ""reject"": 2}","{""IncomeAgent"": [""reject"", ""refer"", ""approve""], ""FraudAgent"": [""approve"", ""refer"", ""reject""], ""CreditAgent"": [""approve"", ""refer"", ""reject""]}",good,approve
50,B050,ComplianceManager,,approve,approve,approve,approve,"{""approve"": 6, ""refer"": 3, ""reject"": 0}","{""FraudAgent"": [""approve"", ""refer"", ""reject""], ""CreditAgent"": [""approve"", ""refer"", ""reject""], ""ComplianceAgent"": [""approve"", ""refer"", ""reject""]}",good,approve
