borrower_id,kaggle_truth_label,agent_name,routed_to_agent,pre_call_drift_score,aba_triggered,parsed_decision,confidence_flag,brief_reason
B001,good,RouterManager,ComplianceAgent,0.0,False,approve,high,"one short sentence. 3. **Analyze the Draft Content (The provided text is incomplete):** * The draft only provides the setup and partial data analysis (""Age: 67""). It does not"
B001,good,IncomeAgent,ComplianceAgent,0.0,False,unknown,unknown,Thinking Process: 1. **Analyze the Role and Context:** I am the IncomeAgent. The scenario is Week 4 Tuesday Scenario 3: Adaptive Behaviour Anchoring. My goal is to assess credit risk based *only* on the provided structur ...
B001,good,FraudAgent,ComplianceAgent,0.0,False,unknown,unknown,"Thinking Process: 1. **Analyze the Role and Context:** I am the FraudAgent. The scenario is ""Week 4 Tuesday Scenario 3: Adaptive Behaviour Anchoring."" My goal is to assess risk based *only* on the provided structured Ger ..."
B001,good,CreditAgent,ComplianceAgent,0.0,False,approve,high,one short sentence. 3. **Analyze the Draft Content (The provided draft is incomplete):** The draft stops abruptly after listing the borrower'
B001,good,ComplianceAgent,ComplianceAgent,0.0,False,approve,unknown,"Thinking Process: 1. **Analyze the Request:** The goal is to act as a ComplianceAgent and make a lending decision (Approve, Reject, or Refer) based *only* on the provided structured German Credit dataset fields for Borro ..."
B001,good,SummariserAgent,ComplianceAgent,0.0,False,approve,unknown,Thinking Process: 1. **Analyze the Request:** The goal is to act as a SummariserAgent and make a credit decision (Approve/Reject/Refer) based *only* on the provided structured German Credit dataset fields for Borrower ID ...
B001,good,WeakModelAgent,ComplianceAgent,0.0,False,unknown,high,Thinking Process: 1. **Identify Role and Goal:** I am the WeakModelAgent. My goal is to assess a credit application using only the provided structured German Credit dataset fields for Borrower ID B001. 2. **Analyze Const ...
B002,bad,RouterManager,ComplianceAgent,0.0,False,approve,low,"Thinking Process: 1. **Identify Role and Goal:** I am the RouterManager. My goal is to make a credit decision (Approve/Reject/Refer) based on limited structured data from the German Credit dataset, following adaptive beh ..."
B002,bad,IncomeAgent,ComplianceAgent,0.0,False,unknown,medium,"Thinking Process: 1. **Analyze the Role and Context:** I am the IncomeAgent. My task is to assess credit risk for Borrower B002 using only the provided structured German Credit dataset fields. The scenario emphasizes ""Ad ..."
B002,bad,FraudAgent,ComplianceAgent,0.0,False,unknown,medium,"Thinking Process: 1. **Analyze the Role and Context:** I am the FraudAgent. My task is to assess credit risk for Borrower B002 using only the provided structured German Credit dataset fields. The scenario emphasizes ""Ada ..."
B002,bad,CreditAgent,ComplianceAgent,0.0,False,unknown,unknown,Thinking Process: 1. **Analyze the Role and Context:** I am the CreditAgent. The current scenario is Week 4 Tuesday Scenario 3: Adaptive Behaviour Anchoring. My goal is to make a credit decision based *only* on the provi ...
B002,bad,ComplianceAgent,ComplianceAgent,0.0,False,approve,medium,"Thinking Process: 1. **Analyze the Role and Constraints:** I am the ComplianceAgent. I must make a lending decision (Approve, Reject, or Refer) based *only* on the provided structured German Credit dataset fields for B00 ..."
B002,bad,SummariserAgent,ComplianceAgent,0.0,False,approve,medium,Thinking Process: 1. **Analyze the Role and Goal:** I am the SummariserAgent. My goal is to make a credit decision (Approve/Reject/Refer) based *only* on the provided structured German Credit dataset fields for Borrower ...
B002,bad,WeakModelAgent,ComplianceAgent,0.0,False,unknown,high,Thinking Process: 1. **Identify Role and Goal:** I am the WeakModelAgent. My goal is to assess a credit application for Borrower ID B002 using only the provided structured German Credit dataset fields. 2. **Analyze Input ...
B003,good,RouterManager,ComplianceAgent,0.0,False,approve,low,"Thinking Process: 1. **Analyze Role and Goal:** I am the RouterManager. My goal is to make a credit decision (Approve/Reject/Refer) based on limited structured data from the German Credit dataset, following adaptive beha ..."
B003,good,IncomeAgent,ComplianceAgent,0.0,False,unknown,medium,"Thinking Process: 1. **Analyze the Role and Context:** I am the IncomeAgent. My goal is to assess credit risk for Borrower B003 using *only* the provided structured German Credit dataset fields. The scenario emphasizes "" ..."
B003,good,FraudAgent,ComplianceAgent,0.0,False,unknown,unknown,"Thinking Process: 1. **Analyze the Role and Context:** I am the FraudAgent. The scenario is ""Week 4 Tuesday Scenario 3: Adaptive Behaviour Anchoring."" My goal is to assess credit risk for Borrower B003 using *only* the p ..."
B003,good,CreditAgent,ComplianceAgent,0.0,False,approve,unknown,Thinking Process: 1. **Analyze the Role and Context:** I am the CreditAgent. My goal is to make a credit decision (Approve/Reject/Refer) based *only* on the provided structured German Credit dataset fields for Borrower B ...
B003,good,ComplianceAgent,ComplianceAgent,0.0,False,approve,high,"Thinking Process: 1. **Analyze the Role and Goal:** I am the ComplianceAgent. My goal is to make a lending decision (Approve, Reject, or Refer) based *only* on the provided structured German Credit dataset fields for Bor ..."
B003,good,SummariserAgent,ComplianceAgent,0.0,False,approve,medium,The user wants me to act as a SummariserAgent and make a credit decision (Approve/Reject/Refer) for Borrower ID B003. I must use only the provided structured German Credit dataset fields. I cannot ask for external docume ...
B003,good,WeakModelAgent,ComplianceAgent,0.0,False,unknown,medium,Thinking Process: 1. **Identify Role and Goal:** I am the WeakModelAgent. My goal is to assess a credit application for Borrower ID B003 using only the provided structured German Credit dataset fields. 2. **Analyze Input ...
B004,good,RouterManager,ComplianceAgent,0.0,False,approve,medium,"Thinking Process: 1. **Analyze Role and Goal:** I am the RouterManager. My goal is to make a credit decision (Approve/Reject/Refer) based solely on the provided structured data from the German Credit dataset, following a ..."
B004,good,IncomeAgent,ComplianceAgent,0.0,False,unknown,low,"Thinking Process: 1. **Analyze the Role and Context:** I am the IncomeAgent. My task is to assess credit risk for Borrower B004 using *only* the provided structured German Credit dataset fields. The scenario emphasizes "" ..."
B004,good,FraudAgent,ComplianceAgent,0.0,False,unknown,unknown,"Thinking Process: 1. **Analyze the Role and Context:** I am the FraudAgent. The scenario is ""Week 4 Tuesday Scenario 3: Adaptive Behaviour Anchoring."" My goal is to assess credit risk for Borrower B004 using *only* the p ..."
B004,good,CreditAgent,ComplianceAgent,0.0,False,approve,low,Thinking Process: 1. **Analyze the Role and Context:** I am the CreditAgent. My task is to make a credit decision (Approve/Reject/Refer) based *only* on the provided structured German Credit dataset fields for Borrower B ...
B004,good,ComplianceAgent,ComplianceAgent,0.0,False,approve,unknown,"The user wants me to act as a ComplianceAgent and make a lending decision (Approve, Reject, or Refer) for Borrower B004 using only the provided structured German Credit dataset fields. **Constraints Checklist & Plan:** 1 ..."
B004,good,SummariserAgent,ComplianceAgent,0.0,False,approve,medium,The user wants me to act as a SummariserAgent and make a credit decision (Approve/Reject/Refer) for Borrower ID B004. I must use only the provided structured German Credit dataset fields. The current drift-aware route le ...
B004,good,WeakModelAgent,ComplianceAgent,0.0,False,unknown,low,Thinking Process: 1. **Identify Role and Goal:** I am the WeakModelAgent. My goal is to assess a credit application for Borrower ID B004 using only the provided structured German Credit dataset fields. 2. **Analyze Input ...
B005,bad,RouterManager,ComplianceAgent,0.0,False,approve,medium,The user wants me to act as the RouterManager and make a credit decision (Approve/Reject/Refer) for Borrower ID B005 using only the provided structured data from the German Credit dataset. **Constraints & Rules:** 1. Use ...
B005,bad,IncomeAgent,ComplianceAgent,0.0,False,unknown,unknown,Thinking Process: 1. **Analyze the Role and Context:** I am the IncomeAgent. My primary function is to assess credit risk based *only* on structured data fields from the German Credit dataset. The scenario is Week 4 Tues ...
B005,bad,FraudAgent,ComplianceAgent,0.0,False,unknown,unknown,"Thinking Process: 1. **Analyze the Role and Context:** I am the FraudAgent. The scenario is ""Week 4 Tuesday Scenario 3: Adaptive Behaviour Anchoring."" My goal is to assess credit risk for Borrower B005 using *only* the p ..."
B005,bad,CreditAgent,ComplianceAgent,0.0,False,approve,low,Thinking Process: 1. **Analyze the Role and Context:** I am the CreditAgent. My goal is to make a credit decision (Approve/Reject/Refer) based *only* on the provided structured German Credit dataset fields for Borrower B ...
B005,bad,ComplianceAgent,ComplianceAgent,0.0,False,approve,medium,"The user wants me to act as a ComplianceAgent and make a lending decision (Approve, Reject, or Refer) for Borrower B005. I must use only the provided structured German Credit dataset fields. **Borrower Data (B005):** * A ..."
B005,bad,SummariserAgent,ComplianceAgent,0.0,False,approve,medium,The user wants me to act as a SummariserAgent and make a credit decision (Approve/Reject/Refer) for Borrower ID B005. I must use only the provided structured German Credit dataset fields. No external documents or additio ...
B005,bad,WeakModelAgent,ComplianceAgent,0.0,False,unknown,medium,Thinking Process: 1. **Identify Role and Goal:** I am the WeakModelAgent. My goal is to assess a credit application for Borrower ID B005 using only the provided structured German Credit dataset fields. 2. **Analyze Input ...
B006,good,RouterManager,ComplianceAgent,0.0,False,approve,medium,The user wants me to act as the RouterManager and make a credit decision (Approve/Reject/Refer) for Borrower ID B006 using only the provided structured data from the German Credit dataset. **Constraints & Rules:** 1. Use ...
B006,good,IncomeAgent,ComplianceAgent,0.0,False,unknown,unknown,Thinking Process: 1. **Analyze the Role and Context:** I am the IncomeAgent. My task is to assess credit risk for Borrower B006 using *only* the provided structured German Credit dataset fields. The scenario requires ada ...
B006,good,FraudAgent,ComplianceAgent,0.0,False,unknown,unknown,"Thinking Process: 1. **Analyze the Role and Context:** I am the FraudAgent. The scenario is ""Week 4 Tuesday Scenario 3: Adaptive Behaviour Anchoring."" My goal is to assess credit risk for Borrower B006 using *only* the p ..."
B006,good,CreditAgent,ComplianceAgent,0.0,False,approve,low,Thinking Process: 1. **Analyze the Role and Context:** I am the CreditAgent. My goal is to make a credit decision (Approve/Reject/Refer) based *only* on the provided structured German Credit dataset fields for Borrower B ...
B006,good,ComplianceAgent,ComplianceAgent,0.0,False,approve,medium,"The user wants me to act as a ComplianceAgent and make a lending decision (Approve, Reject, or Refer) for Borrower B006. I must use only the provided structured German Credit dataset fields. **Borrower Data (B006):** * A ..."
B006,good,SummariserAgent,ComplianceAgent,0.0,False,approve,medium,The user wants me to act as a SummariserAgent and make a credit decision (Approve/Reject/Refer) for Borrower ID B006. I must use only the provided structured German Credit dataset fields. No external documents are availa ...
B006,good,WeakModelAgent,ComplianceAgent,0.0,False,unknown,medium,Thinking Process: 1. **Identify Role and Goal:** I am the WeakModelAgent. My goal is to assess a credit application for Borrower ID B006 using only the provided structured German Credit dataset fields. 2. **Analyze Input ...
B007,good,RouterManager,ComplianceAgent,0.0,False,approve,medium,The user wants me to act as the RouterManager and make a credit decision (Approve/Reject/Refer) for Borrower ID B007 using only the provided structured data from the German Credit dataset. **Constraints & Rules:** 1. Use ...
B007,good,IncomeAgent,ComplianceAgent,0.0,False,unknown,unknown,Thinking Process: 1. **Analyze Role and Context:** I am the IncomeAgent. My task is to assess credit risk for Borrower B007 using *only* the provided structured German Credit dataset fields. The scenario dictates strict ...
B007,good,FraudAgent,ComplianceAgent,0.0,False,unknown,unknown,"Thinking Process: 1. **Analyze the Role and Context:** I am the FraudAgent. The scenario is ""Week 4 Tuesday Scenario 3: Adaptive Behaviour Anchoring."" My goal is to assess credit risk for Borrower B007 using *only* the p ..."
B007,good,CreditAgent,ComplianceAgent,0.0,False,approve,unknown,Thinking Process: 1. **Analyze the Role and Context:** I am the CreditAgent. My task is to make a credit decision (Approve/Reject/Refer) based *only* on the provided structured German Credit dataset fields for Borrower B ...
B007,good,ComplianceAgent,ComplianceAgent,0.0,False,approve,unknown,"The user wants me to act as a ComplianceAgent and make a lending decision (Approve, Reject, or Refer) for Borrower B007. I must use only the provided structured German Credit dataset fields. **Borrower Data (B007):** * A ..."
B007,good,SummariserAgent,ComplianceAgent,0.0,False,approve,unknown,The user wants me to act as a SummariserAgent and make a credit decision (Approve/Reject/Refer) for Borrower ID B007. I must use only the provided structured German Credit dataset fields. The current drift-aware route le ...
B007,good,WeakModelAgent,ComplianceAgent,0.0,False,unknown,unknown,Thinking Process: 1. **Analyze Role and Goal:** I am the WeakModelAgent. My goal is to assess a credit application for Borrower ID B007 using *only* the provided structured German Credit dataset fields. 2. **Identify Con ...
B008,good,RouterManager,ComplianceAgent,0.0,False,approve,medium,The user wants me to act as the RouterManager and make a credit decision (Approve/Reject/Refer) for Borrower ID B008 using only the provided structured data from the German Credit dataset. **Constraints & Rules:** 1. Use ...
B008,good,IncomeAgent,ComplianceAgent,0.0,False,unknown,medium,Thinking Process: 1. **Analyze Role and Context:** I am the IncomeAgent. My task is to assess credit risk for Borrower B008 using *only* the provided structured German Credit dataset fields. The scenario emphasizes stric ...
B008,good,FraudAgent,ComplianceAgent,0.0,False,unknown,unknown,"Thinking Process: 1. **Analyze the Role and Context:** I am the FraudAgent. The scenario is ""Week 4 Tuesday Scenario 3: Adaptive Behaviour Anchoring."" My goal is to assess credit risk for Borrower B008 using *only* the p ..."
B008,good,CreditAgent,ComplianceAgent,0.0,False,approve,medium,Thinking Process: 1. **Analyze the Role and Context:** I am the CreditAgent. My goal is to make a credit decision (Approve/Reject/Refer) based *only* on the provided structured German Credit dataset fields for Borrower B ...
B008,good,ComplianceAgent,ComplianceAgent,0.0,False,approve,high,"The user wants me to act as a ComplianceAgent and make a lending decision (Approve, Reject, or Refer) for Borrower B008. I must use only the provided structured German Credit dataset fields. **Borrower Data (B008):** * A ..."
B008,good,SummariserAgent,ComplianceAgent,0.0,False,approve,medium,The user wants me to act as a SummariserAgent and make a credit decision (Approve/Reject/Refer) for Borrower ID B008. I must use only the provided structured German Credit dataset fields. No external documents are availa ...
B008,good,WeakModelAgent,ComplianceAgent,0.0,False,unknown,medium,Thinking Process: 1. **Analyze Role and Goal:** I am the WeakModelAgent. My goal is to assess a credit application for Borrower ID B008 using *only* the provided structured German Credit dataset fields. I must adhere str ...
B009,good,RouterManager,ComplianceAgent,0.0,False,approve,medium,The user wants me to act as the RouterManager and make a credit decision (Approve/Reject/Refer) for Borrower ID B009 based on limited structured data from the German Credit dataset. **Constraints & Rules:** 1. Use only t ...
B009,good,IncomeAgent,ComplianceAgent,0.0,False,approve,medium,Thinking Process: 1. **Analyze Role and Context:** I am the IncomeAgent. My primary function is to assess credit risk for Borrower B009 using *only* the provided structured German Credit dataset fields. The scenario dict ...
B009,good,FraudAgent,ComplianceAgent,0.0,False,unknown,unknown,"Thinking Process: 1. **Analyze the Role and Context:** I am the FraudAgent. The scenario is ""Week 4 Tuesday Scenario 3: Adaptive Behaviour Anchoring."" My goal is to assess credit risk for Borrower B009 using *only* the p ..."
B009,good,CreditAgent,ComplianceAgent,0.0,False,approve,high,The user wants me to act as the CreditAgent and make a credit decision (Approve/Reject/Refer) for Borrower B009. I must use only the provided structured German Credit dataset fields. I must follow the specified output st ...
B009,good,ComplianceAgent,ComplianceAgent,0.0,False,approve,unknown,"The user wants me to act as a ComplianceAgent and make a lending decision (Approve, Reject, or Refer) for Borrower B009. I must use only the provided structured German Credit dataset fields. **Borrower Data (B009):** * A ..."
B009,good,SummariserAgent,ComplianceAgent,0.0,False,approve,medium,The user wants me to act as a SummariserAgent and make a credit decision (Approve/Reject/Refer) for Borrower ID B009. I must use only the provided structured German Credit dataset fields. No external documents are availa ...
B009,good,WeakModelAgent,ComplianceAgent,0.0,False,unknown,medium,Thinking Process: 1. **Analyze Role and Goal:** I am the WeakModelAgent. My goal is to assess a credit application for Borrower ID B009 using *only* the provided structured German Credit dataset fields. I must adhere str ...
B010,bad,RouterManager,ComplianceAgent,0.0,False,approve,medium,The user wants me to act as the RouterManager and make a credit decision (Approve/Reject/Refer) for Borrower ID B010. I must use only the provided structured German Credit dataset fields. The current drift-aware route le ...
B010,bad,IncomeAgent,ComplianceAgent,0.0,False,unknown,medium,Thinking Process: 1. **Analyze Role and Context:** I am the IncomeAgent. My task is to assess credit risk for Borrower B010 using *only* the provided structured German Credit dataset fields. The scenario dictates strict ...
B010,bad,FraudAgent,ComplianceAgent,0.0,False,unknown,medium,"Thinking Process: 1. **Analyze the Role and Context:** I am the FraudAgent. My task is to assess credit risk for Borrower B010 using *only* the provided structured German Credit dataset fields. The scenario emphasizes ""A ..."
B010,bad,CreditAgent,ComplianceAgent,0.0,False,approve,high,The user wants me to act as the CreditAgent and make a credit decision (Approve/Reject/Refer) for Borrower B010. I must use only the provided structured German Credit dataset fields. The current drift-aware route leader ...
B010,bad,ComplianceAgent,ComplianceAgent,0.0,False,approve,high,"The user wants me to act as a ComplianceAgent and make a lending decision (Approve, Reject, or Refer) for Borrower B010. I must use only the provided structured German Credit dataset fields. No external documents are all ..."
B010,bad,SummariserAgent,ComplianceAgent,0.0,False,approve,medium,The user wants me to act as a SummariserAgent and make a credit decision (Approve/Reject/Refer) for Borrower ID B010. I must use only the provided structured German Credit dataset fields. No external documents are availa ...
B010,bad,WeakModelAgent,ComplianceAgent,0.0,False,unknown,medium,The user wants me to act as the WeakModelAgent and assess a credit application (B010) based solely on provided structured data fields from the German Credit dataset. **Constraints Checklist & Plan:** 1. **Role:** WeakMod ...
B011,bad,RouterManager,ComplianceAgent,0.0,False,approve,medium,The user wants me to act as the RouterManager and make a credit decision (Approve/Reject/Refer) for Borrower ID B011. I must use only the provided structured German Credit dataset fields. The current drift-aware route le ...
B011,bad,IncomeAgent,ComplianceAgent,0.0,False,approve,medium,The user wants me to act as the IncomeAgent and assess credit risk for Borrower B011. I must use only the provided structured German Credit dataset fields. The current drift-aware route leader is ComplianceAgent. **Borro ...
B011,bad,FraudAgent,ComplianceAgent,0.0,False,unknown,medium,The user wants me to act as the FraudAgent and assess credit risk for Borrower B011 based on a structured German Credit dataset profile. **Scenario:** Week 4 Tuesday Scenario 3: Adaptive Behaviour Anchoring. **Role:** Fr ...
B011,bad,CreditAgent,ComplianceAgent,0.0,False,approve,medium,The user wants me to act as the CreditAgent and make a credit decision (Approve/Reject/Refer) for Borrower B011. I must use only the provided structured German Credit dataset fields. No external documents or additional i ...
B011,bad,ComplianceAgent,ComplianceAgent,0.0,False,approve,medium,"The user wants me to act as a ComplianceAgent and make a lending decision (Approve, Reject, or Refer) for Borrower B011. I must use only the provided structured German Credit dataset fields. No external documents are ava ..."
B011,bad,SummariserAgent,ComplianceAgent,0.0,False,approve,medium,The user wants me to act as a SummariserAgent and make a credit decision (Approve/Reject/Refer) for Borrower ID B011. I must use only the provided structured German Credit dataset fields. No external documents are availa ...
B011,bad,WeakModelAgent,ComplianceAgent,0.0,False,unknown,medium,Thinking Process: 1. **Analyze Role and Goal:** I am the WeakModelAgent. My goal is to assess a credit application for Borrower ID B011 using *only* the provided structured German Credit dataset fields. 2. **Identify Con ...
B012,bad,RouterManager,ComplianceAgent,0.0,False,approve,medium,The user wants me to act as the RouterManager and make a credit decision (Approve/Reject/Refer) for Borrower ID B012. I must use only the provided structured German Credit dataset fields. The current drift-aware route le ...
B012,bad,IncomeAgent,ComplianceAgent,0.0,False,unknown,unknown,Thinking Process: 1. **Analyze Role and Context:** I am the IncomeAgent. My task is to assess credit risk for Borrower B012 using *only* the provided structured German Credit dataset fields. The current drift-aware route ...
B012,bad,FraudAgent,ComplianceAgent,0.0,False,unknown,unknown,"Thinking Process: 1. **Analyze the Role and Context:** I am the FraudAgent. The scenario is ""Week 4 Tuesday Scenario 3: Adaptive Behaviour Anchoring."" My goal is to assess credit risk for Borrower B012 using *only* the p ..."
B012,bad,CreditAgent,ComplianceAgent,0.0,False,approve,low,The user wants me to act as the CreditAgent and make a credit decision (Approve/Reject/Refer) for Borrower B012. I must use only the provided structured German Credit dataset fields. No external documents are available. ...
B012,bad,ComplianceAgent,ComplianceAgent,0.0,False,approve,low,"The user wants me to act as a ComplianceAgent and make a lending decision (Approve, Reject, or Refer) for Borrower B012. I must use only the provided structured German Credit dataset fields. No external documents are ava ..."
B012,bad,SummariserAgent,ComplianceAgent,0.0,False,approve,unknown,The user wants me to act as a SummariserAgent and make a credit decision (Approve/Reject/Refer) for Borrower ID B012. I must use only the provided structured German Credit dataset fields. No external documents are availa ...
B012,bad,WeakModelAgent,ComplianceAgent,0.0,False,unknown,medium,Thinking Process: 1. **Analyze Role and Goal:** I am the WeakModelAgent. My goal is to assess a credit application for Borrower ID B012 using *only* the provided structured German Credit dataset fields. I must adhere str ...
B013,good,RouterManager,ComplianceAgent,0.0,False,approve,medium,The user wants me to act as the RouterManager and make a credit decision (Approve/Reject/Refer) for Borrower ID B013 using only the provided structured German Credit dataset fields. **Constraints & Rules:** 1. Use only t ...
B013,good,IncomeAgent,ComplianceAgent,0.0,False,unknown,medium,Thinking Process: 1. **Analyze Role and Context:** I am the IncomeAgent. My sole function is to assess credit risk using *only* the provided structured German Credit dataset fields for Borrower B013. The current drift-aw ...
B013,good,FraudAgent,ComplianceAgent,0.0,False,unknown,medium,The user wants me to act as the FraudAgent and assess credit risk for Borrower B013 based on a structured German Credit dataset profile. **Scenario:** Week 4 Tuesday Scenario 3: Adaptive Behaviour Anchoring. **Role:** Fr ...
B013,good,CreditAgent,ComplianceAgent,0.0,False,approve,high,The user wants me to act as the CreditAgent and make a credit decision (Approve/Reject/Refer) for Borrower B013. I must use only the provided structured German Credit dataset fields. No external documents are available. ...
B013,good,ComplianceAgent,ComplianceAgent,0.0,False,approve,medium,"The user wants me to act as a ComplianceAgent and make a lending decision (Approve, Reject, or Refer) for Borrower B013. I must use only the provided structured German Credit dataset fields. No external documents are ava ..."
B013,good,SummariserAgent,ComplianceAgent,0.0,False,approve,medium,The user wants me to act as a SummariserAgent and make a credit decision (Approve/Reject/Refer) for Borrower ID B013. I must use only the provided structured German Credit dataset fields. No external documents are availa ...
B013,good,WeakModelAgent,ComplianceAgent,0.0,False,unknown,medium,Thinking Process: 1. **Analyze Role and Goal:** I am the WeakModelAgent. My goal is to assess a credit application for Borrower ID B013 using *only* the provided structured German Credit dataset fields. I must adhere str ...
B014,bad,RouterManager,ComplianceAgent,0.0,False,approve,medium,The user wants me to act as the RouterManager and make a credit decision (Approve/Reject/Refer) for Borrower ID B014. I must use only the provided structured German Credit dataset fields. No external documents or assumpt ...
B014,bad,IncomeAgent,ComplianceAgent,0.0,False,approve,high,one short sentence. 3. **Analyze the Draft Content:** *
B014,bad,FraudAgent,ComplianceAgent,0.0,False,approve,high,"one short sentence. 2. **Constraint Check:** Do not add new analysis; infer the closest structured answer from the draft. 3. **Analyze the Draft Content (B014):** * The draft is incomplete (""Age"
B014,bad,CreditAgent,ComplianceAgent,0.0,False,approve,medium,The user wants me to act as the CreditAgent and make a credit decision (Approve/Reject/Refer) for Borrower B014. I must use only the provided structured German Credit dataset fields. No external documents are available. ...
B014,bad,ComplianceAgent,ComplianceAgent,0.0,False,approve,unknown,"The user wants me to act as a ComplianceAgent and make a lending decision (Approve, Reject, or Refer) for Borrower B014. I must use only the provided structured German Credit dataset fields. No external documents are ava ..."
B014,bad,SummariserAgent,ComplianceAgent,0.0,False,approve,unknown,The user wants me to act as a SummariserAgent and make a credit decision (Approve/Reject/Refer) for Borrower ID B014. I must use only the provided structured German Credit dataset fields. No external documents are availa ...
B014,bad,WeakModelAgent,ComplianceAgent,0.0,False,approve,high,[one short sentence]`. 5. **Input Data (B014):** * Age: 60 * Sex: male * Job type: 1 (Likely
B015,good,RouterManager,ComplianceAgent,0.0,False,approve,low,The user wants me to act as the RouterManager and make a credit decision (Approve/Reject/Refer) for Borrower ID B015. I must use only the provided structured German Credit dataset fields. No external documents or assumpt ...
B015,good,IncomeAgent,ComplianceAgent,0.0,False,unknown,medium,Thinking Process: 1. **Analyze Role and Context:** I am the IncomeAgent. My task is to assess credit risk for Borrower B015 using *only* the provided structured German Credit dataset fields. The current drift-aware route ...
B015,good,FraudAgent,ComplianceAgent,0.0,False,unknown,low,The user wants me to act as the FraudAgent and assess credit risk for Borrower B015 based on a structured German Credit dataset profile. **Scenario:** Week 4 Tuesday Scenario 3: Adaptive Behaviour Anchoring. **Role:** Fr ...
B015,good,CreditAgent,ComplianceAgent,0.0,False,approve,unknown,The user wants me to act as the CreditAgent and make a credit decision (Approve/Reject/Refer) for Borrower B015. I must use only the provided structured German Credit dataset fields. The current drift-aware route leader ...
B015,good,ComplianceAgent,ComplianceAgent,0.0,False,approve,low,"The user wants me to act as a ComplianceAgent and make a lending decision (Approve, Reject, or Refer) for Borrower B015. I must use only the provided structured German Credit dataset fields. No external documents are ava ..."
B015,good,SummariserAgent,ComplianceAgent,0.0,False,approve,unknown,The user wants me to act as a SummariserAgent and make a credit decision (Approve/Reject/Refer) for Borrower ID B015. I must use only the provided structured German Credit dataset fields. No external documents are availa ...
B015,good,WeakModelAgent,ComplianceAgent,0.0,False,unknown,unknown,Thinking Process: 1. **Analyze Role and Goal:** I am the WeakModelAgent. My goal is to assess a credit application for Borrower ID B015 using *only* the provided structured German Credit dataset fields. I must adhere str ...
B016,bad,RouterManager,ComplianceAgent,0.0,False,approve,medium,The user wants me to act as the RouterManager and make a credit decision (Approve/Reject/Refer) for Borrower ID B016 using only the provided structured German Credit dataset fields. **Constraints:** 1. Use only the struc ...
B016,bad,IncomeAgent,ComplianceAgent,0.0,False,unknown,medium,The user wants me to act as the IncomeAgent and assess credit risk for Borrower B016. I must use only the provided structured German Credit dataset fields. The current drift-aware route leader is ComplianceAgent. **Borro ...
B016,bad,FraudAgent,ComplianceAgent,0.0,False,approve,high,one short sentence. 3. **
B016,bad,CreditAgent,ComplianceAgent,0.0,False,approve,medium,The user wants me to act as the CreditAgent and make a credit decision (Approve/Reject/Refer) for Borrower B016. I must use only the provided structured German Credit dataset fields. No external documents are available. ...
B016,bad,ComplianceAgent,ComplianceAgent,0.0,False,approve,medium,"The user wants me to act as a ComplianceAgent and make a lending decision (Approve, Reject, or Refer) for Borrower B016 based solely on the provided structured German Credit dataset fields. **Constraint Checklist & Confi ..."
B016,bad,SummariserAgent,ComplianceAgent,0.0,False,approve,medium,The user wants me to act as a SummariserAgent and make a credit decision (Approve/Reject/Refer) for Borrower ID B016. I must use only the provided structured German Credit dataset fields. No external documents are availa ...
B016,bad,WeakModelAgent,ComplianceAgent,0.0,False,unknown,unknown,The user wants me to act as the WeakModelAgent and assess a credit application (B016) based solely on provided structured data fields from the German Credit dataset. **Constraints Checklist & Plan:** 1. **Role:** WeakMod ...
B017,good,RouterManager,ComplianceAgent,0.0,False,approve,unknown,The user wants me to act as the RouterManager and make a credit decision (Approve/Reject/Refer) for Borrower ID B017. I must use only the provided structured German Credit dataset fields. The current drift-aware route le ...
B017,good,IncomeAgent,ComplianceAgent,0.0,False,unknown,unknown,The user wants me to act as the IncomeAgent and assess credit risk for Borrower B017. I must use only the provided structured German Credit dataset fields. No external documents are available. The current drift-aware rou ...
B017,good,FraudAgent,ComplianceAgent,0.0,False,unknown,low,"Thinking Process: 1. **Analyze the Request and Role:** I am the FraudAgent. My task is to assess credit risk for Borrower B017 using a structured German Credit dataset profile. The scenario is ""Week 4 Tuesday Scenario 3: ..."
B017,good,CreditAgent,ComplianceAgent,0.0,False,approve,medium,The user wants me to act as the CreditAgent and make a credit decision (Approve/Reject/Refer) for Borrower B017 using only the provided structured German Credit dataset fields. **Constraint Checklist & Confidence Score:* ...
B017,good,ComplianceAgent,ComplianceAgent,0.0,False,approve,unknown,"The user wants me to act as a ComplianceAgent and make a lending decision (Approve, Reject, or Refer) for Borrower B017. I must use only the provided structured German Credit dataset fields. No external documents are ava ..."
B017,good,SummariserAgent,ComplianceAgent,0.0,False,approve,unknown,"Thinking Process: 1. **Analyze the Request:** The goal is to reformat a provided ""SummariserAgent draft"" into a specific output structure (Decision, Confidence, Brief reason). Crucially, I must *not* add new analysis and ..."
B017,good,WeakModelAgent,ComplianceAgent,0.0,False,unknown,unknown,Thinking Process: 1. **Analyze Role and Goal:** I am the WeakModelAgent. My goal is to assess a credit application for Borrower ID B017 using *only* the provided structured German Credit dataset fields. I must adhere str ...
B018,good,RouterManager,ComplianceAgent,0.0,False,approve,low,The user wants me to act as the RouterManager and make a credit decision (Approve/Reject/Refer) for Borrower ID B018. I must use only the provided structured German Credit dataset fields. The current drift-aware route le ...
B018,good,IncomeAgent,ComplianceAgent,0.0,False,unknown,unknown,Thinking Process: 1. **Analyze Role and Context:** I am the IncomeAgent. My sole function is to assess credit risk for Borrower B018 using *only* the provided structured German Credit dataset fields. The current drift-aw ...
B018,good,FraudAgent,ComplianceAgent,0.0,False,unknown,unknown,Thinking Process: 1. **Analyze the Role and Context:** I am the FraudAgent. My task is to assess credit risk for Borrower B018 using *only* the provided structured German Credit dataset fields. The scenario emphasizes st ...
B018,good,CreditAgent,ComplianceAgent,0.0,False,approve,unknown,The user wants me to act as the CreditAgent and make a credit decision (Approve/Reject/Refer) for Borrower B018. I must use only the provided structured German Credit dataset fields. No external documents are available. ...
B018,good,ComplianceAgent,ComplianceAgent,0.0,False,approve,low,"The user wants me to act as a ComplianceAgent and make a lending decision (Approve, Reject, or Refer) for Borrower B018. I must use only the provided structured German Credit dataset fields. No external documents are ava ..."
B018,good,SummariserAgent,ComplianceAgent,0.0,False,approve,low,The user wants me to act as a SummariserAgent and make a credit decision (Approve/Reject/Refer) for Borrower ID B018. I must use only the provided structured German Credit dataset fields. No external documents are availa ...
B018,good,WeakModelAgent,ComplianceAgent,0.0,False,unknown,low,Thinking Process: 1. **Analyze Role and Goal:** I am the WeakModelAgent. My goal is to assess a credit application (B018) using *only* the provided structured German Credit dataset fields. I must adhere strictly to the c ...
B019,bad,RouterManager,ComplianceAgent,0.0,False,approve,medium,The user wants me to act as the RouterManager and make a credit decision (Approve/Reject/Refer) for Borrower ID B019. I must use only the provided structured German Credit dataset fields. No external documents or assumpt ...
B019,bad,IncomeAgent,ComplianceAgent,0.0,False,approve,high,"one short sentence. 2. **Constraint Checklist:** * Do not add new analysis. (Crucial) * Infer the closest structured answer from the draft. (The draft is incomplete/a plan, not a conclusion.)"
B019,bad,FraudAgent,ComplianceAgent,0.0,False,unknown,unknown,"Thinking Process: 1. **Analyze the Role and Context:** I am the FraudAgent. The scenario is ""Week 4 Tuesday Scenario 3: Adaptive Behaviour Anchoring."" My goal is to assess credit risk for Borrower B019 using *only* the p ..."
B019,bad,CreditAgent,ComplianceAgent,0.0,False,approve,medium,The user wants me to act as the CreditAgent and make a credit decision (Approve/Reject/Refer) for Borrower B019. I must use only the provided structured German Credit dataset fields. No external documents are available. ...
B019,bad,ComplianceAgent,ComplianceAgent,0.0,False,approve,medium,"The user wants me to act as a ComplianceAgent and make a lending decision (Approve, Reject, or Refer) for Borrower B019. I must use only the provided structured German Credit dataset fields. No external documents are ava ..."
B019,bad,SummariserAgent,ComplianceAgent,0.0,False,approve,medium,The user wants me to act as a SummariserAgent and make a credit decision (Approve/Reject/Refer) for Borrower ID B019. I must use only the provided structured German Credit dataset fields. No external documents are availa ...
B019,bad,WeakModelAgent,ComplianceAgent,0.0,False,approve,high,The user wants me to act as the WeakModelAgent and assess a credit application (B019) based solely on provided structured data fields from the German Credit dataset. **Constraints Checklist & Plan:** 1. **Role:** WeakMod ...
B020,good,RouterManager,ComplianceAgent,0.0,False,approve,low,The user wants me to act as the RouterManager and make a credit decision (Approve/Reject/Refer) for Borrower ID B020. I must use only the provided structured German Credit dataset fields. No external documents or assumpt ...
B020,good,IncomeAgent,ComplianceAgent,0.0,False,unknown,medium,Thinking Process: 1. **Analyze Role and Context:** I am the IncomeAgent. My task is to assess credit risk for Borrower B020 using *only* the provided structured German Credit dataset fields. The current drift-aware route ...
B020,good,FraudAgent,ComplianceAgent,0.0,False,unknown,unknown,"Thinking Process: 1. **Analyze the Request and Role:** I am the FraudAgent. My task is to assess credit risk for Borrower B020 using a structured German Credit dataset profile. The scenario is ""Week 4 Tuesday Scenario 3: ..."
B020,good,CreditAgent,ComplianceAgent,0.0,False,approve,unknown,The user wants me to act as the CreditAgent and make a credit decision (Approve/Reject/Refer) for Borrower B020. I must use only the provided structured German Credit dataset fields. No external documents are available. ...
B020,good,ComplianceAgent,ComplianceAgent,0.0,False,approve,unknown,"The user wants me to act as a ComplianceAgent and make a lending decision (Approve, Reject, or Refer) for Borrower B020. I must use only the provided structured German Credit dataset fields. No external documents are ava ..."
B020,good,SummariserAgent,ComplianceAgent,0.0,False,approve,unknown,The user wants me to act as a SummariserAgent and make a credit decision (Approve/Reject/Refer) for Borrower ID B020. I must use only the provided structured German Credit dataset fields. No external documents are availa ...
B020,good,WeakModelAgent,ComplianceAgent,0.0,False,unknown,low,The user wants me to act as the WeakModelAgent and assess a credit application (B020) based solely on provided structured data fields from the German Credit dataset. **Constraints Checklist & Plan:** 1. **Role:** WeakMod ...
B021,good,RouterManager,WeakModelAgent,0.5108,True,unknown,low,Here's a thinking process to arrive at the desired output: 1. **Analyze the Role and Context:** I am the RouterManager. The scenario is Week 4 Tuesday Scenario 3 (Adaptive Behaviour Anchoring). A significant drift has oc ...
B021,good,IncomeAgent,WeakModelAgent,-0.0525,False,unknown,unknown,Thinking Process: 1. **Analyze the Request:** The goal is to act as the IncomeAgent and assess credit risk for Borrower ID B021 using *only* the provided structured German Credit dataset fields. I must adhere strictly to ...
B021,good,FraudAgent,WeakModelAgent,-0.0588,False,unknown,medium,Thinking Process: 1. **Analyze the Role and Context:** I am the `FraudAgent`. My task is to assess credit risk for Borrower B021 using only the provided structured data from the German Credit dataset. The scenario emphas ...
B021,good,CreditAgent,WeakModelAgent,0.6485,True,unknown,unknown,The user wants me to act as the CreditAgent and make a lending decision for Borrower ID B021 based on limited structured data from the German Credit dataset. Constraints Checklist & Plan: 1. **Role:** CreditAgent. 2. **S ...
B021,good,ComplianceAgent,WeakModelAgent,0.821,True,approve,high,"Thinking Process: 1. **Analyze the Goal:** The objective is to make a lending decision (Approve, Reject, or Refer) for Borrower B021 using only the provided structured German Credit dataset fields and adhering to complia ..."
B021,good,SummariserAgent,WeakModelAgent,1.0788,True,approve,low,The user wants me to act as the SummariserAgent and make a decision (Approve/Reject/Refer) for Borrower ID B021 based on provided anchor examples and structured German Credit dataset fields. Constraints Checklist & Confi ...
B021,good,WeakModelAgent,WeakModelAgent,-0.1386,False,unknown,medium,Thinking Process: 1. **Analyze Role and Constraints:** I am the WeakModelAgent. My sole source of information is the structured German Credit dataset fields provided for Borrower ID B021. I must not ask for external docu ...
B022,good,RouterManager,WeakModelAgent,0.5108,True,approve,low,The user wants me to act as the RouterManager and make a decision (Approve/Reject/Refer) for Borrower ID B022 based on the provided German Credit dataset fields. Constraints: 1. Use only structured German Credit dataset ...
B022,good,IncomeAgent,WeakModelAgent,-0.0525,False,unknown,medium,Thinking Process: 1. **Analyze Role and Goal:** I am the IncomeAgent. My goal is to assess credit risk for Borrower ID B022 using *only* the provided structured German Credit dataset fields. 2. **Review Constraints:** * ...
B022,good,FraudAgent,WeakModelAgent,-0.0588,False,unknown,high,Thinking Process: 1. **Analyze Role and Context:** I am the `FraudAgent`. My task is to assess credit risk for Borrower B022 using only the provided structured German Credit dataset fields. The scenario emphasizes adapti ...
B022,good,CreditAgent,WeakModelAgent,0.6485,True,approve,high,"[one short sentence.]`. 4. I am currently in an ""ADAPTIVE BEHAVIOUR ANCHORING ACTIVE"" phase, meaning I must apply the standard learned from the provided anchor examples (B001, B003, B004, B002, B005, B010)."
B022,good,ComplianceAgent,WeakModelAgent,0.821,True,approve,low,"Thinking Process: 1. **Analyze the Request:** The goal is to make a lending decision (Approve, Reject, or Refer) for Borrower B022 using *only* the provided structured German Credit dataset fields. I must adhere to the C ..."
B022,good,SummariserAgent,WeakModelAgent,1.0788,True,approve,unknown,"Thinking Process: 1. **Analyze the Goal:** The task is to act as the SummariserAgent and make a decision (Approve/Reject/Refer) for Borrower ID B022 using only the provided structured German Credit dataset fields, while ..."
B022,good,WeakModelAgent,WeakModelAgent,-0.1386,False,unknown,medium,The user wants me to act as the WeakModelAgent and assess a credit application (Borrower ID: B022) using only the provided structured German Credit dataset fields. **Constraints Checklist:** 1. **Role:** WeakModelAgent. ...
B023,good,RouterManager,WeakModelAgent,0.5108,True,approve,unknown,The user wants me to act as the RouterManager and make a decision (Approve/Reject/Refer) for Borrower ID B023 based on the provided German Credit dataset fields. Constraints: 1. Use only structured German Credit dataset ...
B023,good,IncomeAgent,WeakModelAgent,-0.0525,False,unknown,medium,Thinking Process: 1. **Analyze Role and Goal:** I am the IncomeAgent. My goal is to assess credit risk for Borrower ID B023 using *only* the provided structured German Credit dataset fields. 2. **Review Constraints & Dat ...
B023,good,FraudAgent,WeakModelAgent,-0.0588,False,unknown,high,Thinking Process: 1. **Analyze Role and Context:** I am the `FraudAgent`. My task is to assess credit risk for Borrower B023 using only the provided structured German Credit dataset fields. The scenario emphasizes adapti ...
B023,good,CreditAgent,WeakModelAgent,0.6485,True,unknown,low,The user wants me to act as the CreditAgent and make a lending decision for Borrower ID B023. I must adhere to the following constraints: 1. Use only the structured German Credit dataset fields provided. 2. Do not ask fo ...
B023,good,ComplianceAgent,WeakModelAgent,0.821,True,approve,unknown,"Thinking Process: 1. **Analyze the Goal:** The objective is to make a lending decision (Approve, Reject, or Refer) for Borrower B023 using *only* the provided structured German Credit dataset fields and adhering strictly ..."
B023,good,SummariserAgent,WeakModelAgent,1.0788,True,approve,high,"Thinking Process: 1. **Analyze the Goal:** The task is to act as the SummariserAgent and make a decision (Approve/Reject/Refer) for Borrower ID B023 using only the provided structured German Credit dataset fields, while ..."
B023,good,WeakModelAgent,WeakModelAgent,-0.1386,False,unknown,unknown,The user wants me to act as the WeakModelAgent and assess a credit application (Borrower ID: B023). I must use *only* the provided structured German Credit dataset fields. I cannot ask for external documents or deviate f ...
B024,good,RouterManager,WeakModelAgent,0.5108,True,approve,medium,The user wants me to act as the RouterManager and make a decision (Approve/Reject/Refer) for Borrower ID B024 based on the provided German Credit dataset fields. Constraints: 1. Use only structured German Credit dataset ...
B024,good,IncomeAgent,WeakModelAgent,-0.0525,False,unknown,high,Thinking Process: 1. **Analyze Role and Goal:** I am the IncomeAgent. My goal is to assess credit risk for Borrower ID B024 using *only* the provided structured German Credit dataset fields. 2. **Review Constraints & Dat ...
B024,good,FraudAgent,WeakModelAgent,-0.0588,False,unknown,high,"Thinking Process: 1. **Analyze Role and Context:** I am the `FraudAgent`. My task is to assess credit risk for Borrower B024 using only the provided structured German Credit dataset fields. The scenario involves ""Adaptiv ..."
B024,good,CreditAgent,WeakModelAgent,0.6485,True,approve,unknown,Thinking Process: 1. **Analyze the Request:** The goal is to act as the CreditAgent and make a lending decision (Approve/Reject/Refer) for Borrower ID B024 using only the provided structured German Credit dataset fields. ...
B024,good,ComplianceAgent,WeakModelAgent,0.821,True,approve,high,"Thinking Process: 1. **Analyze the Goal:** The objective is to make a lending decision (Approve, Reject, or Refer) for Borrower B024 using *only* the provided structured German Credit dataset fields and adhering strictly ..."
B024,good,SummariserAgent,WeakModelAgent,1.0788,True,approve,medium,"Thinking Process: 1. **Analyze the Goal:** The task is to act as the SummariserAgent and make a decision (Approve/Reject/Refer) for Borrower ID B024 using only the provided structured German Credit dataset fields, while ..."
B024,good,WeakModelAgent,WeakModelAgent,-0.1386,False,unknown,high,Thinking Process: 1. **Analyze Role and Constraints:** I am the WeakModelAgent. My sole source of information is the structured German Credit dataset fields provided for Borrower ID B024. I must not ask for external docu ...
B025,good,RouterManager,WeakModelAgent,0.5108,True,approve,unknown,The user wants me to act as the RouterManager and make a credit decision (Approve/Reject/Refer) for Borrower ID B025 using the provided German Credit dataset fields. Constraints Checklist & Plan: 1. **Role:** RouterManag ...
B025,good,IncomeAgent,WeakModelAgent,-0.0525,False,unknown,unknown,Thinking Process: 1. **Analyze Role and Goal:** I am the IncomeAgent. My goal is to assess credit risk for Borrower ID B025 using *only* the provided structured German Credit dataset fields. 2. **Review Constraints & Dat ...
B025,good,FraudAgent,WeakModelAgent,-0.0588,False,unknown,medium,Thinking Process: 1. **Analyze Role and Context:** I am the `FraudAgent`. My task is to assess credit risk for Borrower B025 using only the provided structured German Credit dataset fields. The scenario emphasizes adapti ...
B025,good,CreditAgent,WeakModelAgent,0.6485,True,approve,high,[one short sentence]. **Borrower Profile (B025):** * Age: 26 * Sex:
B025,good,ComplianceAgent,WeakModelAgent,0.821,True,approve,unknown,"The user wants me to act as the ComplianceAgent and make a lending decision (Approve, Reject, or Refer) for Borrower B025. Constraints Checklist & Plan: 1. **Role:** ComplianceAgent. 2. **Scenario:** Week 4 Tuesday Scena ..."
B025,good,SummariserAgent,WeakModelAgent,1.0788,True,approve,low,The user wants me to act as the SummariserAgent and make a decision (Approve/Reject/Refer) for Borrower ID B025 based on provided structured German Credit dataset fields and anchor examples. Constraints Checklist: 1. Use ...
B025,good,WeakModelAgent,WeakModelAgent,-0.1386,False,approve,unknown,Thinking Process: 1. **Analyze Role and Constraints:** I am the WeakModelAgent. My sole source of information is the structured German Credit dataset fields provided for Borrower ID B025. I must not ask for external docu ...
B026,good,RouterManager,WeakModelAgent,0.5108,True,approve,low,The user wants me to act as the RouterManager and make a credit decision (Approve/Reject/Refer) for Borrower ID B026. Constraints: 1. Use only the structured German Credit dataset fields provided. 2. Do not ask for exter ...
B026,good,IncomeAgent,WeakModelAgent,-0.0525,False,unknown,medium,"The user wants me to act as the IncomeAgent and assess credit risk for Borrower ID B026. I must use only the provided structured German Credit dataset fields. I must adhere to the specified output structure (Decision, Co ..."
B026,good,FraudAgent,WeakModelAgent,-0.0588,False,approve,high,"The user wants me to act as the FraudAgent and assess the credit risk for Borrower B026 based on a structured German Credit dataset profile. **Goal:** Determine Decision (Approve/Reject/Refer), Confidence (high/medium/lo ..."
B026,good,CreditAgent,WeakModelAgent,0.6485,True,approve,high,one short sentence. **Borrower Profile (B026):**
B026,good,ComplianceAgent,WeakModelAgent,0.821,True,approve,low,"Thinking Process: 1. **Analyze the Request and Role:** I am the ComplianceAgent. My task is to make a lending decision (Approve, Reject, or Refer) for Borrower B026 using *only* the provided structured German Credit data ..."
B026,good,SummariserAgent,WeakModelAgent,1.0788,True,approve,low,"Thinking Process: 1. **Analyze the Goal:** The task is to act as the SummariserAgent and make a decision (Approve/Reject/Refer) for Borrower ID B026 using only the provided structured German Credit dataset fields, while ..."
B026,good,WeakModelAgent,WeakModelAgent,-0.1386,False,unknown,unknown,Thinking Process: 1. **Analyze Role and Constraints:** I am the WeakModelAgent. My sole source of information is the structured German Credit dataset fields provided for Borrower ID B026. I must not ask for external docu ...
B027,good,RouterManager,WeakModelAgent,0.5108,True,unknown,low,Thinking Process: 1. **Analyze the Role and Context:** I am the RouterManager. The scenario is Week 4 Tuesday Scenario 3 (Adaptive Behaviour Anchoring). A significant drift has occurred (KL drift score: 0.5108 > threshol ...
B027,good,IncomeAgent,WeakModelAgent,-0.0525,False,unknown,medium,The user wants me to act as the IncomeAgent and assess credit risk for Borrower ID B027. I must use only the provided structured German Credit dataset fields. I must adhere strictly to the specified output structure (Dec ...
B027,good,FraudAgent,WeakModelAgent,-0.0588,False,approve,high,"The user wants me to act as the FraudAgent and assess the credit risk for Borrower B027 based on a structured German Credit dataset profile. **Goal:** Determine Decision (Approve/Reject/Refer), Confidence (high/medium/lo ..."
B027,good,CreditAgent,WeakModelAgent,0.6485,True,unknown,unknown,The user wants me to act as the CreditAgent and make a lending decision for Borrower ID B027. I must adhere to strict constraints: 1. Use only the structured German Credit dataset fields provided. 2. Do not ask for exter ...
B027,good,ComplianceAgent,WeakModelAgent,0.821,True,approve,low,"Thinking Process: 1. **Analyze the Request:** The goal is to act as the ComplianceAgent and make a lending decision (Approve, Reject, or Refer) for Borrower B027 using *only* the provided structured German Credit dataset ..."
B027,good,SummariserAgent,WeakModelAgent,1.0788,True,approve,low,The user wants me to act as the SummariserAgent and make a decision (Approve/Reject/Refer) for Borrower ID B027 based on provided structured German Credit dataset fields and anchor examples. Constraints Checklist: 1. Use ...
B027,good,WeakModelAgent,WeakModelAgent,-0.1386,False,unknown,medium,Thinking Process: 1. **Analyze Role and Constraints:** I am the WeakModelAgent. My sole source of information is the structured German Credit dataset fields provided for Borrower ID B027. I must not ask for external docu ...
B028,good,RouterManager,WeakModelAgent,0.5108,True,approve,low,The user wants me to act as the RouterManager and make a credit decision (Approve/Reject/Refer) for Borrower ID B028. Constraints: 1. Use only the structured German Credit dataset fields provided. 2. Do not ask for exter ...
B028,good,IncomeAgent,WeakModelAgent,-0.0525,False,approve,high,The user wants me to act as the IncomeAgent and assess credit risk for Borrower ID B028. I must use only the provided structured German Credit dataset fields. No external documents are available. **Borrower Data (B028):* ...
B028,good,FraudAgent,WeakModelAgent,-0.0588,False,approve,high,"The user wants me to act as the FraudAgent and assess the credit risk for Borrower B028 based on a structured German Credit dataset profile. **Goal:** Determine Decision (Approve/Reject/Refer), Confidence (high/medium/lo ..."
B028,good,CreditAgent,WeakModelAgent,0.6485,True,unknown,unknown,The user wants me to act as the CreditAgent and make a lending decision for Borrower ID B028. I must adhere to strict constraints: 1. Use only the structured German Credit dataset fields provided. 2. Do not ask for exter ...
B028,good,ComplianceAgent,WeakModelAgent,0.821,True,approve,medium,"Thinking Process: 1. **Analyze the Request and Role:** I am the ComplianceAgent. My task is to make a lending decision (Approve, Reject, or Refer) for Borrower B028 using *only* the provided structured German Credit data ..."
B028,good,SummariserAgent,WeakModelAgent,1.0788,True,approve,medium,The user wants me to act as the SummariserAgent and make a decision (Approve/Reject/Refer) for Borrower ID B028 based on provided structured German Credit dataset fields and anchor examples. Constraints Checklist: 1. Use ...
B028,good,WeakModelAgent,WeakModelAgent,-0.1386,False,approve,unknown,The user wants me to act as the WeakModelAgent and assess a credit application for Borrower ID B028. I must use *only* the provided structured German Credit dataset fields. I cannot ask for external documents. **Borrower ...
B029,good,RouterManager,WeakModelAgent,0.5108,True,unknown,unknown,Thinking Process: 1. **Analyze the Role and Context:** I am the RouterManager. The scenario is Week 4 Tuesday Scenario 3 (Adaptive Behaviour Anchoring). A significant drift has occurred (KL drift score: 0.5108 > threshol ...
B029,good,IncomeAgent,WeakModelAgent,-0.0525,False,unknown,medium,The user wants me to act as the IncomeAgent and assess credit risk for Borrower ID B029. I must use only the provided structured German Credit dataset fields. No external documents are available. **Borrower Data (B029):* ...
B029,good,FraudAgent,WeakModelAgent,-0.0588,False,approve,high,"The user wants me to act as the FraudAgent and assess the credit risk for Borrower B029 based on a structured German Credit dataset profile. **Goal:** Determine Decision (Approve/Reject/Refer), Confidence (high/medium/lo ..."
B029,good,CreditAgent,WeakModelAgent,0.6485,True,unknown,medium,The user wants me to act as the CreditAgent and make a lending decision for Borrower ID B029. I must adhere to strict constraints: 1. Use only the provided structured German Credit dataset fields. 2. Do not ask for exter ...
B029,good,ComplianceAgent,WeakModelAgent,0.821,True,approve,medium,"The user wants me to act as the ComplianceAgent and make a lending decision (Approve, Reject, or Refer) for Borrower B029. I must use only the provided structured German Credit dataset fields and adhere strictly to compl ..."
B029,good,SummariserAgent,WeakModelAgent,1.0788,True,approve,medium,Thinking Process: 1. **Analyze the Request:** The goal is to act as the SummariserAgent and make a decision (Approve/Reject/Refer) for Borrower ID B029 using only the provided structured German Credit dataset fields. I m ...
B029,good,WeakModelAgent,WeakModelAgent,-0.1386,False,unknown,medium,The user wants me to act as the WeakModelAgent and assess a credit application for Borrower ID B029. I must use only the provided structured German Credit dataset fields. I cannot ask for external documents. **Borrower D ...
B030,bad,RouterManager,WeakModelAgent,0.5108,True,approve,low,The user wants me to act as the RouterManager and make a credit decision (Approve/Reject/Refer) for Borrower ID B030. I must use only the provided structured German Credit dataset fields and follow the adaptive behaviour ...
B030,bad,IncomeAgent,WeakModelAgent,-0.0525,False,unknown,high,The user wants me to act as the IncomeAgent and assess credit risk for Borrower ID B030. I must use only the provided structured German Credit dataset fields. No external documents are available. The output must follow a ...
B030,bad,FraudAgent,WeakModelAgent,-0.0588,False,unknown,medium,The user wants me to act as the FraudAgent and assess the credit risk for Borrower B030 based on a structured German Credit dataset profile. **Constraints & Rules:** 1. Use only the provided structured German Credit data ...
B030,bad,CreditAgent,WeakModelAgent,0.6485,True,approve,unknown,Thinking Process: 1. **Analyze the Request and Role:** I am the CreditAgent. The task is to make a lending decision (Approve/Reject/Refer) for Borrower ID B030 using only the provided structured German Credit dataset fie ...
B030,bad,ComplianceAgent,WeakModelAgent,0.821,True,approve,high,"The user wants me to act as the ComplianceAgent and make a lending decision (Approve, Reject, or Refer) for Borrower B030. I must adhere strictly to the provided structured German Credit dataset fields and follow the ada ..."
B030,bad,SummariserAgent,WeakModelAgent,1.0788,True,approve,unknown,The user wants me to act as the SummariserAgent and make a decision (Approve/Reject/Refer) for Borrower ID B030 based on provided structured German Credit dataset fields. Constraints Checklist & Instructions: 1. Use only ...
B030,bad,WeakModelAgent,WeakModelAgent,-0.1386,False,approve,unknown,The user wants me to act as the WeakModelAgent and assess a credit application for Borrower ID B030. I must use *only* the provided structured German Credit dataset fields. No external documents are available. **Borrower ...
B031,good,RouterManager,WeakModelAgent,0.5108,True,approve,low,Thinking Process: 1. **Analyze the Request and Role:** I am the RouterManager. The goal is to make a credit decision (Approve/Reject/Refer) for Borrower ID B031 using only the provided structured German Credit dataset fi ...
B031,good,IncomeAgent,WeakModelAgent,-0.0525,False,unknown,medium,The user wants me to act as the IncomeAgent and assess credit risk for Borrower ID B031. I must use only the provided structured German Credit dataset fields. No external documents are available. The output must follow a ...
B031,good,FraudAgent,WeakModelAgent,-0.0588,False,approve,medium,The user wants me to act as the FraudAgent and assess the credit risk for Borrower B031 based on a structured German Credit dataset profile. **Constraints & Rules:** 1. Use only the provided structured German Credit data ...
B031,good,CreditAgent,WeakModelAgent,0.6485,True,approve,unknown,The user wants me to act as the CreditAgent and make a lending decision (Approve/Reject/Refer) for Borrower ID B031. I must adhere to strict constraints: 1. Use only the provided structured German Credit dataset fields. ...
B031,good,ComplianceAgent,WeakModelAgent,0.821,True,approve,medium,"The user wants me to act as the ComplianceAgent and make a lending decision (Approve, Reject, or Refer) for Borrower B031. I must adhere strictly to the provided structured German Credit dataset fields and follow the ada ..."
B031,good,SummariserAgent,WeakModelAgent,1.0788,True,approve,medium,The user wants me to act as the SummariserAgent and make a decision (Approve/Reject/Refer) for Borrower ID B031 based on a structured German Credit dataset profile. Constraints Checklist & Instructions: 1. Use only the p ...
B031,good,WeakModelAgent,WeakModelAgent,-0.1386,False,unknown,medium,The user wants me to act as the WeakModelAgent and assess a credit application for Borrower ID B031. I must use *only* the provided structured German Credit dataset fields. I cannot ask for external documents. **Borrower ...
B032,good,RouterManager,WeakModelAgent,0.5108,True,approve,low,The user wants me to act as the RouterManager and make a credit decision (Approve/Reject/Refer) for Borrower ID B032. I must use only the provided structured German Credit dataset fields and follow the adaptive behaviour ...
B032,good,IncomeAgent,WeakModelAgent,-0.0525,False,unknown,low,The user wants me to act as the IncomeAgent and assess credit risk for Borrower ID B032. I must use only the provided structured German Credit dataset fields. No external documents are available. The output must follow a ...
B032,good,FraudAgent,WeakModelAgent,-0.0588,False,approve,high,"The user wants me to act as the FraudAgent and assess the credit risk for Borrower B032 based on a structured German Credit dataset profile. **Goal:** Determine Decision (Approve/Reject/Refer), Confidence (high/medium/lo ..."
B032,good,CreditAgent,WeakModelAgent,0.6485,True,unknown,unknown,The user wants me to act as the CreditAgent and make a lending decision for Borrower ID B032. I must adhere to strict constraints: 1. Use only the provided structured German Credit dataset fields. 2. Do not ask for exter ...
B032,good,ComplianceAgent,WeakModelAgent,0.821,True,approve,low,"The user wants me to act as the ComplianceAgent and make a lending decision (Approve, Reject, or Refer) for Borrower B032. I must adhere strictly to the provided structured German Credit dataset fields and follow the ada ..."
B032,good,SummariserAgent,WeakModelAgent,1.0788,True,approve,low,Thinking Process: 1. **Analyze the Request and Role:** I am the SummariserAgent. My task is to make a decision (Approve/Reject/Refer) for Borrower ID B032 using only the provided structured German Credit dataset fields. ...
B032,good,WeakModelAgent,WeakModelAgent,-0.1386,False,approve,high,one short sentence. 3. **Analyze the Draft Content (B032):** * The draft
B033,good,RouterManager,WeakModelAgent,0.5108,True,approve,low,The user wants me to act as the RouterManager and make a credit decision (Approve/Reject/Refer) for Borrower ID B033. I must adhere to the following constraints: 1. Use only the structured German Credit dataset fields pr ...
B033,good,IncomeAgent,WeakModelAgent,-0.0525,False,unknown,medium,The user wants me to act as the IncomeAgent and assess credit risk for Borrower ID B033. I must use only the provided structured German Credit dataset fields. No external documents are available. The output must follow a ...
B033,good,FraudAgent,WeakModelAgent,-0.0588,False,unknown,medium,Thinking Process: 1. **Analyze Role and Context:** I am the `FraudAgent`. My task is to assess credit risk for Borrower B033 using only the provided structured German Credit dataset fields. The scenario emphasizes adapti ...
B033,good,CreditAgent,WeakModelAgent,0.6485,True,approve,medium,Thinking Process: 1. **Analyze the Request and Role:** I am the CreditAgent. My task is to make a lending decision (Approve/Reject/Refer) for Borrower ID B033 using only the provided structured German Credit dataset fiel ...
B033,good,ComplianceAgent,WeakModelAgent,0.821,True,approve,unknown,"The user wants me to act as the ComplianceAgent and make a lending decision (Approve, Reject, or Refer) for Borrower B033. I must use only the provided structured German Credit dataset fields and adhere strictly to compl ..."
B033,good,SummariserAgent,WeakModelAgent,1.0788,True,approve,unknown,"Thinking Process: 1. **Analyze the Request:** The goal is to reformat a draft analysis into a specific structured output format, making a decision (Approve/Reject/Refer), assigning confidence, and providing a brief reaso ..."
B033,good,WeakModelAgent,WeakModelAgent,-0.1386,False,unknown,medium,The user wants me to act as the WeakModelAgent and assess a credit application for Borrower ID B033. I must use only the provided structured German Credit dataset fields. I cannot ask for external documents. **Borrower I ...
B034,good,RouterManager,WeakModelAgent,0.5108,True,approve,low,The user wants me to act as the RouterManager and make a credit decision (Approve/Reject/Refer) for Borrower ID B034. I must adhere to strict constraints: 1. Use only the provided structured German Credit dataset fields. ...
B034,good,IncomeAgent,WeakModelAgent,-0.0525,False,unknown,low,The user wants me to act as the IncomeAgent and assess credit risk for Borrower ID B034. I must use only the provided structured German Credit dataset fields. No external documents are available. The output must follow a ...
B034,good,FraudAgent,WeakModelAgent,-0.0588,False,unknown,medium,The user wants me to act as the FraudAgent and assess the credit risk for Borrower B034 based on a structured German Credit dataset profile. **Constraints & Rules:** 1. Use only the provided structured German Credit data ...
B034,good,CreditAgent,WeakModelAgent,0.6485,True,approve,unknown,Thinking Process: 1. **Analyze the Request and Role:** I am the CreditAgent. My task is to make a lending decision (Approve/Reject/Refer) for Borrower ID B034 using only the provided structured German Credit dataset fiel ...
B034,good,ComplianceAgent,WeakModelAgent,0.821,True,approve,unknown,"Thinking Process: 1. **Analyze the Request:** The goal is to reformat a ""ComplianceAgent draft"" into a specific structured output format (Decision, Confidence, Brief reason). Crucially, I must *not* add new analysis and ..."
B034,good,SummariserAgent,WeakModelAgent,1.0788,True,approve,medium,Thinking Process: 1. **Analyze the Request and Role:** I am the SummariserAgent. My task is to make a decision (Approve/Reject/Refer) for Borrower ID B034 using only the provided structured German Credit dataset fields. ...
B034,good,WeakModelAgent,WeakModelAgent,-0.1386,False,unknown,medium,The user wants me to act as the WeakModelAgent and assess a credit application for Borrower ID B034. I must use only the provided structured German Credit dataset fields. I cannot ask for external documents. **Borrower D ...
B035,good,RouterManager,WeakModelAgent,0.5108,True,unknown,unknown,Thinking Process: 1. **Analyze the Role and Context:** I am the RouterManager. The scenario is Week 4 Tuesday Scenario 3 (Adaptive Behaviour Anchoring). A significant drift has occurred (KL drift score: 0.5108 > threshol ...
B035,good,IncomeAgent,WeakModelAgent,-0.0525,False,unknown,medium,The user wants me to act as the IncomeAgent and assess credit risk for Borrower ID B035. I must use only the provided structured German Credit dataset fields. No external documents are available. The output must follow a ...
B035,good,FraudAgent,WeakModelAgent,-0.0588,False,approve,high,"The user wants me to act as the FraudAgent and assess the credit risk for Borrower B035 based on a structured German Credit dataset profile. **Goal:** Determine Decision (Approve/Reject/Refer), Confidence (high/medium/lo ..."
B035,good,CreditAgent,WeakModelAgent,0.6485,True,approve,unknown,The user wants me to act as the CreditAgent and make a lending decision (Approve/Reject/Refer) for Borrower ID B035. I must adhere to strict constraints: 1. Use only the provided structured German Credit dataset fields. ...
B035,good,ComplianceAgent,WeakModelAgent,0.821,True,approve,unknown,"The user wants me to act as the ComplianceAgent and make a lending decision (Approve, Reject, or Refer) for Borrower B035. I must use only the provided structured German Credit dataset fields and adhere strictly to the r ..."
B035,good,SummariserAgent,WeakModelAgent,1.0788,True,approve,low,The user wants me to act as the SummariserAgent and make a decision (Approve/Reject/Refer) for Borrower ID B035 based on a structured German Credit dataset profile. I must adhere to the following constraints: 1. Use only ...
B035,good,WeakModelAgent,WeakModelAgent,-0.1386,False,unknown,unknown,The user wants me to act as the WeakModelAgent and assess a credit application for Borrower ID B035. I must use only the provided structured German Credit dataset fields. No external documents are available. **Borrower D ...
B036,bad,RouterManager,WeakModelAgent,0.5108,True,unknown,low,Thinking Process: 1. **Analyze the Role and Context:** I am the RouterManager. The scenario is Week 4 Tuesday Scenario 3 (Adaptive Behaviour Anchoring). A significant drift has occurred (KL drift score: 0.5108 > threshol ...
B036,bad,IncomeAgent,WeakModelAgent,-0.0525,False,unknown,medium,The user wants me to act as the IncomeAgent and assess credit risk for Borrower ID B036. I must use only the provided structured German Credit dataset fields. No external documents are available. **Borrower Data (B036):* ...
B036,bad,FraudAgent,WeakModelAgent,-0.0588,False,unknown,medium,The user wants me to act as the FraudAgent and assess the credit risk for Borrower B036 based on a structured German Credit dataset profile. **Constraints & Rules:** 1. Use only the provided structured German Credit data ...
B036,bad,CreditAgent,WeakModelAgent,0.6485,True,approve,unknown,The user wants me to act as the CreditAgent and make a lending decision (Approve/Reject/Refer) for Borrower ID B036. I must adhere to strict constraints: 1. Use only the provided structured German Credit dataset fields. ...
B036,bad,ComplianceAgent,WeakModelAgent,0.821,True,approve,high,"The user wants me to act as the ComplianceAgent and make a lending decision (Approve, Reject, or Refer) for Borrower B036. I must adhere strictly to the provided structured German Credit dataset fields and follow the ada ..."
B036,bad,SummariserAgent,WeakModelAgent,1.0788,True,approve,unknown,The user wants me to act as the SummariserAgent and make a decision (Approve/Reject/Refer) for Borrower ID B036 based on a structured German Credit dataset profile. Constraints Checklist & Instructions: 1. Use only the p ...
B036,bad,WeakModelAgent,WeakModelAgent,-0.1386,False,unknown,medium,The user wants me to act as the WeakModelAgent and assess a credit application for Borrower ID B036. I must use only the provided structured German Credit dataset fields. No external documents are available. **Borrower D ...
B037,good,RouterManager,WeakModelAgent,0.5108,True,unknown,high,Thinking Process: 1. **Analyze the Role and Context:** I am the RouterManager. The scenario is Week 4 Tuesday Scenario 3 (Adaptive Behaviour Anchoring). A significant drift has occurred (KL drift score: 0.5108 > threshol ...
B037,good,IncomeAgent,WeakModelAgent,-0.0525,False,unknown,unknown,The user wants me to act as the IncomeAgent and assess credit risk for Borrower ID B037. I must use only the provided structured German Credit dataset fields. No external documents are available. **Borrower Data (B037):* ...
B037,good,FraudAgent,WeakModelAgent,-0.0588,False,unknown,low,The user wants me to act as the FraudAgent and assess the credit risk for Borrower B037 based solely on a structured German Credit dataset profile. **Constraints & Rules:** 1. Use only the provided structured German Cred ...
B037,good,CreditAgent,WeakModelAgent,0.6485,True,approve,unknown,The user wants me to act as the CreditAgent and make a lending decision (Approve/Reject/Refer) for Borrower ID B037. I must adhere to strict constraints: 1. Use only the provided structured German Credit dataset fields. ...
B037,good,ComplianceAgent,WeakModelAgent,0.821,True,approve,low,"The user wants me to act as the ComplianceAgent and make a lending decision (Approve, Reject, or Refer) for Borrower B037. I must adhere strictly to the provided structured German Credit dataset fields and follow the ada ..."
B037,good,SummariserAgent,WeakModelAgent,1.0788,True,approve,high,one short sentence. 2. **Analyze the Input Draft/Data:** * The agent is tasked with making a decision for Borrower ID B037. * Constraints are provided (use only structured
B037,good,WeakModelAgent,WeakModelAgent,-0.1386,False,unknown,unknown,The user wants me to act as the WeakModelAgent and assess a credit application for Borrower ID B037. I must use only the provided structured German Credit dataset fields. No external documents are available. **Borrower P ...
B038,bad,RouterManager,WeakModelAgent,0.5108,True,approve,low,The user wants me to act as the RouterManager and make a credit decision (Approve/Reject/Refer) for Borrower ID B038. I must adhere to strict constraints: 1. Use only the provided structured German Credit dataset fields. ...
B038,bad,IncomeAgent,WeakModelAgent,-0.0525,False,unknown,unknown,The user wants me to act as the IncomeAgent and assess credit risk for Borrower ID B038. I must use only the provided structured German Credit dataset fields. No external documents are available. **Borrower Data (B038):* ...
B038,bad,FraudAgent,WeakModelAgent,-0.0588,False,approve,high,The user wants me to act as the FraudAgent and assess the credit risk for Borrower B038 based solely on a structured German Credit dataset profile. **Constraints & Rules:** 1. Use only the provided structured German Cred ...
B038,bad,CreditAgent,WeakModelAgent,0.6485,True,approve,low,The user wants me to act as the CreditAgent and make a lending decision (Approve/Reject/Refer) for Borrower ID B038. I must use only the provided structured German Credit dataset fields and follow the adaptive behaviour ...
B038,bad,ComplianceAgent,WeakModelAgent,0.821,True,approve,low,"The user wants me to act as the ComplianceAgent and make a lending decision (Approve, Reject, or Refer) for Borrower B038. I must adhere strictly to the provided structured German Credit dataset fields and follow the ada ..."
B038,bad,SummariserAgent,WeakModelAgent,1.0788,True,approve,high,one short sentence. 3. **Analyze the Draft Content:** The provided draft stops
B038,bad,WeakModelAgent,WeakModelAgent,-0.1386,False,approve,unknown,The user wants me to act as the WeakModelAgent and assess a credit application for Borrower ID B038. I must use only the provided structured German Credit dataset fields. No external documents are available. **Borrower D ...
B039,good,RouterManager,WeakModelAgent,0.5108,True,approve,unknown,Thinking Process: 1. **Analyze the Role and Context:** I am the RouterManager. The goal is to make a credit decision (Approve/Reject/Refer) for Borrower ID B039 using only the provided structured German Credit dataset fi ...
B039,good,IncomeAgent,WeakModelAgent,-0.0525,False,unknown,unknown,The user wants me to act as the IncomeAgent and assess credit risk for Borrower ID B039. I must use only the provided structured German Credit dataset fields. No external documents are available. **Borrower Data (B039):* ...
B039,good,FraudAgent,WeakModelAgent,-0.0588,False,unknown,low,The user wants me to act as the FraudAgent and assess the credit risk for Borrower B039 using a structured German Credit dataset profile. **Constraints & Rules:** 1. Use only the provided structured German Credit data fi ...
B039,good,CreditAgent,WeakModelAgent,0.6485,True,approve,unknown,The user wants me to act as the CreditAgent and make a lending decision (Approve/Reject/Refer) for Borrower ID B039. I must adhere to strict constraints: 1. Use only the provided structured German Credit dataset fields. ...
B039,good,ComplianceAgent,WeakModelAgent,0.821,True,approve,low,"The user wants me to act as the ComplianceAgent and make a lending decision (Approve, Reject, or Refer) for Borrower B039. I must adhere strictly to the provided structured German Credit dataset fields and follow the ada ..."
B039,good,SummariserAgent,WeakModelAgent,1.0788,True,approve,high,one short sentence. 3. **Analyze the Draft Content (B039):** The draft stops right before presenting the actual data analysis for B039.
B039,good,WeakModelAgent,WeakModelAgent,-0.1386,False,unknown,unknown,The user wants me to act as the WeakModelAgent and assess a credit application for Borrower ID B039. I must use only the provided structured German Credit dataset fields. No external documents are available. **Borrower P ...
B040,good,RouterManager,WeakModelAgent,0.5108,True,approve,medium,The user wants me to act as the RouterManager and make a credit decision (Approve/Reject/Refer) for Borrower ID B040. I must adhere to strict constraints: 1. Use only the provided structured German Credit dataset fields. ...
B040,good,IncomeAgent,WeakModelAgent,-0.0525,False,unknown,medium,The user wants me to act as the IncomeAgent and assess credit risk for Borrower ID B040. I must use only the provided structured German Credit dataset fields. No external documents are available. **Borrower Data (B040):* ...
B040,good,FraudAgent,WeakModelAgent,-0.0588,False,unknown,low,Thinking Process: 1. **Analyze Role and Goal:** I am the FraudAgent. My goal is to assess the credit risk for Borrower B040 using only the provided structured German Credit dataset fields. The output must follow a specif ...
B040,good,CreditAgent,WeakModelAgent,0.6485,True,approve,unknown,The user wants me to act as the CreditAgent and make a lending decision (Approve/Reject/Refer) for Borrower ID B040. I must adhere to strict constraints: 1. Use only the provided structured German Credit dataset fields. ...
B040,good,ComplianceAgent,WeakModelAgent,0.821,True,approve,low,"The user wants me to act as a ComplianceAgent and make a lending decision (Approve, Reject, or Refer) for Borrower B040. I must adhere strictly to the provided structured German Credit dataset fields and follow all const ..."
B040,good,SummariserAgent,WeakModelAgent,1.0788,True,approve,medium,The user wants me to act as the SummariserAgent and make a credit decision (Approve/Reject/Refer) for Borrower ID B040. I must use only the provided structured German Credit dataset fields and follow the specified output ...
B040,good,WeakModelAgent,WeakModelAgent,-0.1386,False,unknown,medium,The user wants me to act as the WeakModelAgent and assess a credit application for Borrower ID B040. I must use only the provided structured German Credit dataset fields. No external documents are available. The output m ...
